250,State whether or not the information provided in the passage is true for the given image [0]. ?,0,0,True,1
251,State whether or not the information provided in the passage is true for the given image [0]. ?,1,0,True,0
252,State whether or not the information provided in the passage is true for the given image [0]. ?,0,0,True,1
253,State whether or not the information provided in the passage is true for the given image [0]. ?,1,0,True,0
254,State whether or not the information provided in the passage is true for the given image [0]. ?,0,0,True,1
255,State whether or not the information provided in the passage is true for the given image [0]. ?,1,1,False,1
256,State whether or not the information provided in the passage is true for the given image [0]. ?,0,1,False,0
257,State whether or not the information provided in the passage is true for the given image [0]. ?,1,1,False,1
258,State whether or not the information provided in the passage is true for the given image [0]. ?,0,0,True,1
259,State whether or not the information provided in the passage is true for the given image [0]. ?,1,0,True,0
260,State whether or not the information provided in the passage is true for the given image [0]. ?,0,0,True,1
261,State whether or not the information provided in the passage is true for the given image [0]. ?,0,0,True,1
262,State whether or not the information provided in the passage is true for the given image [0]. ?,0,1,False,0
263,State whether or not the information provided in the passage is true for the given image [0]. ?,1,1,False,1
264,State whether or not the information provided in the passage is true for the given image [0]. ?,0,0,True,1
265,State whether or not the information provided in the passage is true for the given image [0]. ?,1,0,True,0
266,State whether or not the information provided in the passage is true for the given image [0]. ?,0,0,True,1
267,State whether or not the information provided in the passage is true for the given image [0]. ?,1,1,False,1
268,State whether or not the information provided in the passage is true for the given image [0]. ?,0,1,False,0
269,State whether or not the information provided in the passage is true for the given image [0]. ?,1,0,True,0
270,State whether or not the information provided in the passage is true for the given image [0]. ?,0,1,False,0
271,State whether or not the information provided in the passage is true for the given image [0]. ?,1,1,False,1
272,State whether or not the information provided in the passage is true for the given image [0]. ?,0,1,False,0
273,State whether or not the information provided in the passage is true for the given image [0]. ?,1,1,False,1
274,State whether or not the information provided in the passage is true for the given image [0]. ?,0,0,True,1
275,State whether or not the information provided in the passage is true for the given image [0]. ?,1,0,True,0
276,State whether or not the information provided in the passage is true for the given image [0]. ?,0,1,False,0
277,State whether or not the information provided in the passage is true for the given image [0]. ?,1,1,False,1
278,State whether or not the information provided in the passage is true for the given image [0]. ?,0,0,True,1
279,State whether or not the information provided in the passage is true for the given image [0]. ?,1,0,True,0
280,State whether or not the information provided in the passage is true for the given image [0]. ?,0,0,True,1
281,State whether or not the information provided in the passage is true for the given image [0]. ?,1,1,False,1
282,State whether or not the information provided in the passage is true for the given image [0]. ?,0,0,True,1
283,State whether or not the information provided in the passage is true for the given image [0]. ?,1,0,True,0
284,State whether or not the information provided in the passage is true for the given image [0]. ?,0,1,False,0
285,State whether or not the information provided in the passage is true for the given image [0]. ?,1,1,False,1
286,State whether or not the information provided in the passage is true for the given image [0]. ?,0,1,False,0
287,State whether or not the information provided in the passage is true for the given image [0]. ?,1,1,False,1
288,State whether or not the information provided in the passage is true for the given image [0]. ?,0,0,True,1
289,State whether or not the information provided in the passage is true for the given image [0]. ?,1,0,True,0
290,State whether or not the information provided in the passage is true for the given image [0]. ?,0,0,True,1
291,State whether or not the information provided in the passage is true for the given image [0]. ?,1,0,True,0
292,State whether or not the information provided in the passage is true for the given image [0]. ?,0,1,False,0
293,State whether or not the information provided in the passage is true for the given image [0]. ?,1,1,False,1
294,State whether or not the information provided in the passage is true for the given image [0]. ?,0,0,True,1
295,State whether or not the information provided in the passage is true for the given image [0]. ?,1,0,True,0
296,State whether or not the information provided in the passage is true for the given image [0]. ?,0,1,False,0
297,State whether or not the information provided in the passage is true for the given image [0]. ?,1,1,False,1
298,State whether or not the information provided in the passage is true for the given image [0]. ?,0,0,True,1
299,State whether or not the information provided in the passage is true for the given image [0]. ?,1,0,True,0
300,State whether or not the information provided in the passage is true for the given image [0]. ?,0,1,False,0
301,State whether or not the information provided in the passage is true for the given image [0]. ?,1,1,False,1
302,State whether or not the information provided in the passage is true for the given image [0]. ?,0,1,False,0
303,State whether or not the information provided in the passage is true for the given image [0]. ?,1,1,False,1
304,State whether or not the information provided in the passage is true for the given image [0]. ?,0,0,True,1
305,State whether or not the information provided in the passage is true for the given image [0]. ?,1,0,True,0
306,State whether or not the information provided in the passage is true for the given image [0]. ?,0,0,True,1
307,State whether or not the information provided in the passage is true for the given image [0]. ?,1,0,True,0
308,State whether or not the information provided in the passage is true for the given image [0]. ?,0,0,True,1
309,State whether or not the information provided in the passage is true for the given image [0]. ?,1,0,True,0
310,State whether or not the information provided in the passage is true for the given image [0]. ?,0,0,True,1
311,State whether or not the information provided in the passage is true for the given image [0]. ?,1,0,True,0
312,State whether or not the information provided in the passage is true for the given image [0]. ?,0,1,False,0
313,State whether or not the information provided in the passage is true for the given image [0]. ?,1,1,False,1
314,State whether or not the information provided in the passage is true for the given image [0]. ?,0,0,True,1
315,State whether or not the information provided in the passage is true for the given image [0]. ?,1,0,True,0
316,State whether or not the information provided in the passage is true for the given image [0]. ?,0,1,False,0
317,State whether or not the information provided in the passage is true for the given image [0]. ?,1,1,False,1
318,State whether or not the information provided in the passage is true for the given image [0]. ?,0,0,True,1
319,State whether or not the information provided in the passage is true for the given image [0]. ?,1,0,True,0
320,State whether or not the information provided in the passage is true for the given image [0]. ?,0,1,False,0
321,State whether or not the information provided in the passage is true for the given image [0]. ?,1,1,False,1
322,State whether or not the information provided in the passage is true for the given image [0]. ?,0,0,True,1
323,State whether or not the information provided in the passage is true for the given image [0]. ?,1,0,True,0
324,State whether or not the information provided in the passage is true for the given image [0]. ?,0,0,True,1
325,State whether or not the information provided in the passage is true for the given image [0]. ?,1,0,True,0
326,State whether or not the information provided in the passage is true for the given image [0]. ?,0,1,False,0
327,State whether or not the information provided in the passage is true for the given image [0]. ?,1,1,False,1
328,State whether or not the information provided in the passage is true for the given image [0]. ?,0,0,True,1
329,State whether or not the information provided in the passage is true for the given image [0]. ?,1,0,True,0
330,State whether or not the information provided in the passage is true for the given image [0]. ?,0,1,False,0
331,State whether or not the information provided in the passage is true for the given image [0]. ?,1,1,False,1
332,State whether or not the information provided in the passage is true for the given image [0]. ?,0,1,False,0
333,State whether or not the information provided in the passage is true for the given image [0]. ?,1,1,False,1
334,State whether or not the information provided in the passage is true for the given image [0]. ?,0,0,True,1
335,State whether or not the information provided in the passage is true for the given image [0]. ?,1,0,True,0
336,State whether or not the information provided in the passage is true for the given image [0]. ?,0,0,True,1
337,State whether or not the information provided in the passage is true for the given image [0]. ?,1,0,True,0
338,State whether or not the information provided in the passage is true for the given image [0]. ?,0,0,True,1
339,State whether or not the information provided in the passage is true for the given image [0]. ?,1,0,True,0
340,State whether or not the information provided in the passage is true for the given image [0]. ?,0,0,True,1
341,State whether or not the information provided in the passage is true for the given image [0]. ?,1,0,True,0
342,State whether or not the information provided in the passage is true for the given image [0]. ?,0,1,False,0
343,State whether or not the information provided in the passage is true for the given image [0]. ?,1,1,False,1
344,State whether or not the information provided in the passage is true for the given image [0]. ?,0,0,True,1
345,State whether or not the information provided in the passage is true for the given image [0]. ?,1,0,True,0
346,State whether or not the information provided in the passage is true for the given image [0]. ?,0,1,False,0
347,State whether or not the information provided in the passage is true for the given image [0]. ?,1,1,False,1
348,State whether or not the information provided in the passage is true for the given image [0]. ?,0,1,False,0
349,State whether or not the information provided in the passage is true for the given image [0]. ?,1,1,False,1
350,State whether or not the information provided in the passage is true for the given image [0]. ?,0,0,True,1
351,State whether or not the information provided in the passage is true for the given image [0]. ?,0,0,True,1
352,State whether or not the information provided in the passage is true for the given image [0]. ?,0,0,True,1
353,State whether or not the information provided in the passage is true for the given image [0]. ?,1,1,False,1
354,State whether or not the information provided in the passage is true for the given image [0]. ?,0,1,False,0
355,State whether or not the information provided in the passage is true for the given image [0]. ?,1,1,False,1
356,State whether or not the information provided in the passage is true for the given image [0]. ?,0,0,True,1
357,State whether or not the information provided in the passage is true for the given image [0]. ?,1,0,True,0
358,State whether or not the information provided in the passage is true for the given image [0]. ?,0,1,False,0
359,State whether or not the information provided in the passage is true for the given image [0]. ?,1,0,True,0
360,State whether or not the information provided in the passage is true for the given image [0]. ?,0,1,False,0
361,State whether or not the information provided in the passage is true for the given image [0]. ?,1,0,True,0
362,State whether or not the information provided in the passage is true for the given image [0]. ?,0,1,False,0
363,State whether or not the information provided in the passage is true for the given image [0]. ?,1,1,False,1
364,State whether or not the information provided in the passage is true for the given image [0]. ?,0,0,True,1
365,State whether or not the information provided in the passage is true for the given image [0]. ?,1,0,True,0
366,State whether or not the information provided in the passage is true for the given image [0]. ?,0,1,False,0
367,State whether or not the information provided in the passage is true for the given image [0]. ?,1,0,True,0
368,State whether or not the information provided in the passage is true for the given image [0]. ?,0,0,True,1
369,State whether or not the information provided in the passage is true for the given image [0]. ?,1,0,True,0
370,State whether or not the information provided in the passage is true for the given image [0]. ?,0,1,False,0
371,State whether or not the information provided in the passage is true for the given image [0]. ?,1,1,False,1
372,State whether or not the information provided in the passage is true for the given image [0]. ?,0,1,False,0
373,State whether or not the information provided in the passage is true for the given image [0]. ?,1,1,False,1
374,State whether or not the information provided in the passage is true for the given image [0]. ?,0,0,True,1
375,State whether or not the information provided in the passage is true for the given image [0]. ?,1,0,True,0
376,State whether or not the information provided in the passage is true for the given image [0]. ?,0,1,False,0
377,State whether or not the information provided in the passage is true for the given image [0]. ?,1,1,False,1
378,State whether or not the information provided in the passage is true for the given image [0]. ?,0,0,True,1
379,State whether or not the information provided in the passage is true for the given image [0]. ?,1,0,True,0
380,State whether or not the information provided in the passage is true for the given image [0]. ?,0,0,True,1
381,State whether or not the information provided in the passage is true for the given image [0]. ?,1,0,True,0
382,State whether or not the information provided in the passage is true for the given image [0]. ?,0,0,True,1
383,State whether or not the information provided in the passage is true for the given image [0]. ?,0,0,True,1
384,State whether or not the information provided in the passage is true for the given image [0]. ?,0,1,False,0
385,State whether or not the information provided in the passage is true for the given image [0]. ?,1,1,False,1
386,State whether or not the information provided in the passage is true for the given image [0]. ?,0,0,True,1
387,State whether or not the information provided in the passage is true for the given image [0]. ?,1,0,True,0
388,State whether or not the information provided in the passage is true for the given image [0]. ?,0,1,False,0
389,State whether or not the information provided in the passage is true for the given image [0]. ?,1,1,False,1
390,State whether or not the information provided in the passage is true for the given image [0]. ?,0,0,True,1
391,State whether or not the information provided in the passage is true for the given image [0]. ?,1,0,True,0
392,State whether or not the information provided in the passage is true for the given image [0]. ?,0,0,True,1
393,State whether or not the information provided in the passage is true for the given image [0]. ?,1,0,True,0
394,State whether or not the information provided in the passage is true for the given image [0]. ?,0,0,True,1
395,State whether or not the information provided in the passage is true for the given image [0]. ?,1,0,True,0
396,State whether or not the information provided in the passage is true for the given image [0]. ?,0,0,True,1
397,State whether or not the information provided in the passage is true for the given image [0]. ?,1,0,True,0
398,State whether or not the information provided in the passage is true for the given image [0]. ?,0,1,False,0
399,State whether or not the information provided in the passage is true for the given image [0]. ?,1,0,True,0
400,State whether or not the information provided in the passage is true for the given image [0]. ?,0,1,False,0
401,State whether or not the information provided in the passage is true for the given image [0]. ?,1,1,False,1
402,State whether or not the information provided in the passage is true for the given image [0]. ?,0,1,False,0
403,State whether or not the information provided in the passage is true for the given image [0]. ?,1,1,False,1
404,State whether or not the information provided in the passage is true for the given image [0]. ?,0,0,True,1
405,State whether or not the information provided in the passage is true for the given image [0]. ?,1,0,True,0
406,State whether or not the information provided in the passage is true for the given image [0]. ?,0,1,False,0
407,State whether or not the information provided in the passage is true for the given image [0]. ?,1,0,True,0
408,State whether or not the information provided in the passage is true for the given image [0]. ?,0,1,False,0
409,State whether or not the information provided in the passage is true for the given image [0]. ?,1,1,False,1
410,State whether or not the information provided in the passage is true for the given image [0]. ?,0,1,False,0
411,State whether or not the information provided in the passage is true for the given image [0]. ?,1,1,False,1
412,State whether or not the information provided in the passage is true for the given image [0]. ?,0,0,True,1
413,State whether or not the information provided in the passage is true for the given image [0]. ?,0,0,True,1
414,State whether or not the information provided in the passage is true for the given image [0]. ?,0,0,True,1
415,State whether or not the information provided in the passage is true for the given image [0]. ?,1,0,True,0
416,State whether or not the information provided in the passage is true for the given image [0]. ?,0,0,True,1
417,State whether or not the information provided in the passage is true for the given image [0]. ?,1,0,True,0
418,State whether or not the information provided in the passage is true for the given image [0]. ?,0,0,True,1
419,State whether or not the information provided in the passage is true for the given image [0]. ?,0,0,True,1
420,State whether or not the information provided in the passage is true for the given image [0]. ?,0,0,True,1
421,State whether or not the information provided in the passage is true for the given image [0]. ?,1,0,True,0
422,State whether or not the information provided in the passage is true for the given image [0]. ?,0,1,False,0
423,State whether or not the information provided in the passage is true for the given image [0]. ?,1,1,False,1
424,State whether or not the information provided in the passage is true for the given image [0]. ?,0,1,False,0
425,State whether or not the information provided in the passage is true for the given image [0]. ?,1,1,False,1
426,State whether or not the information provided in the passage is true for the given image [0]. ?,0,0,True,1
427,State whether or not the information provided in the passage is true for the given image [0]. ?,1,0,True,0
428,State whether or not the information provided in the passage is true for the given image [0]. ?,0,1,False,0
429,State whether or not the information provided in the passage is true for the given image [0]. ?,1,1,False,1
430,State whether or not the information provided in the passage is true for the given image [0]. ?,0,0,True,1
431,State whether or not the information provided in the passage is true for the given image [0]. ?,1,0,True,0
432,State whether or not the information provided in the passage is true for the given image [0]. ?,0,0,True,1
433,State whether or not the information provided in the passage is true for the given image [0]. ?,1,1,False,1
434,State whether or not the information provided in the passage is true for the given image [0]. ?,0,1,False,0
435,State whether or not the information provided in the passage is true for the given image [0]. ?,1,1,False,1
436,State whether or not the information provided in the passage is true for the given image [0]. ?,0,1,False,0
437,State whether or not the information provided in the passage is true for the given image [0]. ?,0,1,False,0
438,State whether or not the information provided in the passage is true for the given image [0]. ?,0,0,True,1
439,State whether or not the information provided in the passage is true for the given image [0]. ?,0,0,True,1
440,State whether or not the information provided in the passage is true for the given image [0]. ?,0,1,False,0
441,State whether or not the information provided in the passage is true for the given image [0]. ?,1,1,False,1
442,State whether or not the information provided in the passage is true for the given image [0]. ?,0,0,True,1
443,State whether or not the information provided in the passage is true for the given image [0]. ?,1,0,True,0
444,State whether or not the information provided in the passage is true for the given image [0]. ?,0,1,False,0
445,State whether or not the information provided in the passage is true for the given image [0]. ?,1,1,False,1
446,State whether or not the information provided in the passage is true for the given image [0]. ?,0,0,True,1
447,State whether or not the information provided in the passage is true for the given image [0]. ?,0,0,True,1
448,State whether or not the information provided in the passage is true for the given image [0]. ?,0,0,True,1
449,State whether or not the information provided in the passage is true for the given image [0]. ?,1,1,False,1
450,State whether or not the information provided in the passage is true for the given image [0]. ?,0,1,False,0
451,State whether or not the information provided in the passage is true for the given image [0]. ?,1,1,False,1
452,State whether or not the information provided in the passage is true for the given image [0]. ?,0,0,True,1
453,State whether or not the information provided in the passage is true for the given image [0]. ?,1,0,True,0
454,State whether or not the information provided in the passage is true for the given image [0]. ?,0,1,False,0
455,State whether or not the information provided in the passage is true for the given image [0]. ?,1,1,False,1
456,State whether or not the information provided in the passage is true for the given image [0]. ?,0,0,True,1
457,State whether or not the information provided in the passage is true for the given image [0]. ?,1,0,True,0
458,State whether or not the information provided in the passage is true for the given image [0]. ?,0,0,True,1
459,State whether or not the information provided in the passage is true for the given image [0]. ?,1,0,True,0
460,State whether or not the information provided in the passage is true for the given image [0]. ?,0,1,False,0
461,State whether or not the information provided in the passage is true for the given image [0]. ?,1,1,False,1
462,State whether or not the information provided in the passage is true for the given image [0]. ?,0,0,True,1
463,State whether or not the information provided in the passage is true for the given image [0]. ?,1,0,True,0
464,State whether or not the information provided in the passage is true for the given image [0]. ?,0,1,False,0
465,State whether or not the information provided in the passage is true for the given image [0]. ?,1,1,False,1
466,State whether or not the information provided in the passage is true for the given image [0]. ?,0,1,False,0
467,State whether or not the information provided in the passage is true for the given image [0]. ?,1,1,False,1
468,State whether or not the information provided in the passage is true for the given image [0]. ?,0,0,True,1
469,State whether or not the information provided in the passage is true for the given image [0]. ?,1,0,True,0
470,State whether or not the information provided in the passage is true for the given image [0]. ?,0,0,True,1
471,State whether or not the information provided in the passage is true for the given image [0]. ?,1,0,True,0
472,State whether or not the information provided in the passage is true for the given image [0]. ?,0,1,False,0
473,State whether or not the information provided in the passage is true for the given image [0]. ?,1,1,False,1
474,State whether or not the information provided in the passage is true for the given image [0]. ?,0,1,False,0
475,State whether or not the information provided in the passage is true for the given image [0]. ?,1,1,False,1
476,State whether or not the information provided in the passage is true for the given image [0]. ?,0,0,True,1
477,State whether or not the information provided in the passage is true for the given image [0]. ?,1,0,True,0
478,State whether or not the information provided in the passage is true for the given image [0]. ?,0,0,True,1
479,State whether or not the information provided in the passage is true for the given image [0]. ?,1,0,True,0
480,State whether or not the information provided in the passage is true for the given image [0]. ?,0,1,False,0
481,State whether or not the information provided in the passage is true for the given image [0]. ?,1,1,False,1
482,State whether or not the information provided in the passage is true for the given image [0]. ?,0,0,True,1
483,State whether or not the information provided in the passage is true for the given image [0]. ?,0,0,True,1
484,State whether or not the information provided in the passage is true for the given image [0]. ?,0,0,True,1
485,State whether or not the information provided in the passage is true for the given image [0]. ?,1,0,True,0
486,State whether or not the information provided in the passage is true for the given image [0]. ?,0,1,False,0
487,State whether or not the information provided in the passage is true for the given image [0]. ?,1,0,True,0
488,State whether or not the information provided in the passage is true for the given image [0]. ?,0,1,False,0
489,State whether or not the information provided in the passage is true for the given image [0]. ?,0,1,False,0
490,State whether or not the information provided in the passage is true for the given image [0]. ?,0,0,True,1
491,State whether or not the information provided in the passage is true for the given image [0]. ?,0,0,True,1
492,State whether or not the information provided in the passage is true for the given image [0]. ?,1,0,True,0
493,State whether or not the information provided in the passage is true for the given image [0]. ?,1,1,False,1
494,State whether or not the information provided in the passage is true for the given image [0]. ?,0,0,True,1
495,State whether or not the information provided in the passage is true for the given image [0]. ?,1,0,True,0
496,State whether or not the information provided in the passage is true for the given image [0]. ?,0,0,True,1
497,State whether or not the information provided in the passage is true for the given image [0]. ?,1,0,True,0
498,State whether or not the information provided in the passage is true for the given image [0]. ?,0,0,True,1
499,State whether or not the information provided in the passage is true for the given image [0]. ?,1,0,True,0
500,State whether or not the information provided in the passage is true for the given image [0]. ?,0,0,True,1
501,State whether or not the information provided in the passage is true for the given image [0]. ?,0,0,True,1
502,State whether or not the information provided in the passage is true for the given image [0]. ?,0,1,False,0
503,State whether or not the information provided in the passage is true for the given image [0]. ?,1,1,False,1
504,State whether or not the information provided in the passage is true for the given image [0]. ?,0,0,True,1
505,State whether or not the information provided in the passage is true for the given image [0]. ?,0,0,True,1
506,State whether or not the information provided in the passage is true for the given image [0]. ?,0,0,True,1
507,State whether or not the information provided in the passage is true for the given image [0]. ?,1,0,True,0
508,State whether or not the information provided in the passage is true for the given image [0]. ?,0,0,True,1
509,State whether or not the information provided in the passage is true for the given image [0]. ?,1,1,False,1
510,State whether or not the information provided in the passage is true for the given image [0]. ?,0,1,False,0
511,State whether or not the information provided in the passage is true for the given image [0]. ?,0,1,False,0
512,State whether or not the information provided in the passage is true for the given image [0]. ?,0,0,True,1
513,State whether or not the information provided in the passage is true for the given image [0]. ?,1,0,True,0
514,State whether or not the information provided in the passage is true for the given image [0]. ?,0,1,False,0
515,State whether or not the information provided in the passage is true for the given image [0]. ?,1,1,False,1
516,State whether or not the information provided in the passage is true for the given image [0]. ?,0,1,False,0
517,State whether or not the information provided in the passage is true for the given image [0]. ?,1,1,False,1
518,State whether or not the information provided in the passage is true for the given image [0]. ?,0,0,True,1
519,State whether or not the information provided in the passage is true for the given image [0]. ?,1,0,True,0
520,State whether or not the information provided in the passage is true for the given image [0]. ?,0,0,True,1
521,State whether or not the information provided in the passage is true for the given image [0]. ?,1,0,True,0
522,State whether or not the information provided in the passage is true for the given image [0]. ?,0,0,True,1
523,State whether or not the information provided in the passage is true for the given image [0]. ?,0,0,True,1
524,State whether or not the information provided in the passage is true for the given image [0]. ?,0,1,False,0
525,State whether or not the information provided in the passage is true for the given image [0]. ?,1,1,False,1
526,State whether or not the information provided in the passage is true for the given image [0]. ?,0,0,True,1
527,State whether or not the information provided in the passage is true for the given image [0]. ?,1,0,True,0
528,State whether or not the information provided in the passage is true for the given image [0]. ?,0,0,True,1
529,State whether or not the information provided in the passage is true for the given image [0]. ?,1,0,True,0
530,State whether or not the information provided in the passage is true for the given image [0]. ?,0,0,True,1
531,State whether or not the information provided in the passage is true for the given image [0]. ?,1,0,True,0
532,State whether or not the information provided in the passage is true for the given image [0]. ?,0,1,False,0
533,State whether or not the information provided in the passage is true for the given image [0]. ?,1,1,False,1
534,State whether or not the information provided in the passage is true for the given image [0]. ?,0,1,False,0
535,State whether or not the information provided in the passage is true for the given image [0]. ?,1,1,False,1
536,State whether or not the information provided in the passage is true for the given image [0]. ?,0,0,True,1
537,State whether or not the information provided in the passage is true for the given image [0]. ?,0,0,True,1
538,State whether or not the information provided in the passage is true for the given image [0]. ?,0,1,False,0
539,State whether or not the information provided in the passage is true for the given image [0]. ?,0,1,False,0
540,State whether or not the information provided in the passage is true for the given image [0]. ?,0,0,True,1
541,State whether or not the information provided in the passage is true for the given image [0]. ?,1,0,True,0
542,State whether or not the information provided in the passage is true for the given image [0]. ?,0,0,True,1
543,State whether or not the information provided in the passage is true for the given image [0]. ?,0,0,True,1
544,State whether or not the information provided in the passage is true for the given image [0]. ?,0,1,False,0
545,State whether or not the information provided in the passage is true for the given image [0]. ?,1,1,False,1
546,State whether or not the information provided in the passage is true for the given image [0]. ?,0,1,False,0
547,State whether or not the information provided in the passage is true for the given image [0]. ?,1,0,True,0
548,State whether or not the information provided in the passage is true for the given image [0]. ?,0,0,True,1
549,State whether or not the information provided in the passage is true for the given image [0]. ?,1,0,True,0
550,State whether or not the information provided in the passage is true for the given image [0]. ?,0,0,True,1
551,State whether or not the information provided in the passage is true for the given image [0]. ?,1,0,True,0
552,State whether or not the information provided in the passage is true for the given image [0]. ?,0,0,True,1
553,State whether or not the information provided in the passage is true for the given image [0]. ?,0,0,True,1
554,State whether or not the information provided in the passage is true for the given image [0]. ?,0,0,True,1
555,State whether or not the information provided in the passage is true for the given image [0]. ?,1,0,True,0
556,State whether or not the information provided in the passage is true for the given image [0]. ?,0,1,False,0
557,State whether or not the information provided in the passage is true for the given image [0]. ?,1,1,False,1
558,State whether or not the information provided in the passage is true for the given image [0]. ?,0,0,True,1
559,State whether or not the information provided in the passage is true for the given image [0]. ?,1,0,True,0
560,State whether or not the information provided in the passage is true for the given image [0]. ?,0,0,True,1
561,State whether or not the information provided in the passage is true for the given image [0]. ?,1,0,True,0
562,State whether or not the information provided in the passage is true for the given image [0]. ?,0,0,True,1
563,State whether or not the information provided in the passage is true for the given image [0]. ?,0,0,True,1
564,State whether or not the information provided in the passage is true for the given image [0]. ?,0,0,True,1
565,State whether or not the information provided in the passage is true for the given image [0]. ?,0,0,True,1
566,State whether or not the information provided in the passage is true for the given image [0]. ?,0,0,True,1
567,State whether or not the information provided in the passage is true for the given image [0]. ?,0,0,True,1
568,State whether or not the information provided in the passage is true for the given image [0]. ?,0,1,False,0
569,State whether or not the information provided in the passage is true for the given image [0]. ?,1,0,True,0
570,State whether or not the information provided in the passage is true for the given image [0]. ?,0,0,True,1
571,State whether or not the information provided in the passage is true for the given image [0]. ?,1,1,False,1
572,State whether or not the information provided in the passage is true for the given image [0]. ?,0,1,False,0
573,State whether or not the information provided in the passage is true for the given image [0]. ?,0,1,False,0
574,State whether or not the information provided in the passage is true for the given image [0]. ?,0,0,True,1
575,State whether or not the information provided in the passage is true for the given image [0]. ?,1,0,True,0
576,State whether or not the information provided in the passage is true for the given image [0]. ?,0,1,False,0
577,State whether or not the information provided in the passage is true for the given image [0]. ?,1,1,False,1
578,State whether or not the information provided in the passage is true for the given image [0]. ?,0,0,True,1
579,State whether or not the information provided in the passage is true for the given image [0]. ?,1,0,True,0
580,State whether or not the information provided in the passage is true for the given image [0]. ?,0,1,False,0
581,State whether or not the information provided in the passage is true for the given image [0]. ?,0,0,True,1
582,State whether or not the information provided in the passage is true for the given image [0]. ?,0,0,True,1
583,State whether or not the information provided in the passage is true for the given image [0]. ?,1,1,False,1
584,State whether or not the information provided in the passage is true for the given image [0]. ?,0,1,False,0
585,State whether or not the information provided in the passage is true for the given image [0]. ?,1,1,False,1
586,State whether or not the information provided in the passage is true for the given image [0]. ?,0,0,True,1
587,State whether or not the information provided in the passage is true for the given image [0]. ?,1,0,True,0
588,State whether or not the information provided in the passage is true for the given image [0]. ?,0,0,True,1
589,State whether or not the information provided in the passage is true for the given image [0]. ?,1,0,True,0
590,State whether or not the information provided in the passage is true for the given image [0]. ?,0,0,True,1
591,State whether or not the information provided in the passage is true for the given image [0]. ?,1,0,True,0
592,State whether or not the information provided in the passage is true for the given image [0]. ?,0,0,True,1
593,State whether or not the information provided in the passage is true for the given image [0]. ?,0,0,True,1
594,State whether or not the information provided in the passage is true for the given image [0]. ?,0,0,True,1
595,State whether or not the information provided in the passage is true for the given image [0]. ?,1,0,True,0
596,State whether or not the information provided in the passage is true for the given image [0]. ?,0,0,True,1
597,State whether or not the information provided in the passage is true for the given image [0]. ?,1,0,True,0
598,State whether or not the information provided in the passage is true for the given image [0]. ?,0,0,True,1
599,State whether or not the information provided in the passage is true for the given image [0]. ?,1,0,True,0
600,State whether or not the information provided in the passage is true for the given image [0]. ?,0,0,True,1
601,State whether or not the information provided in the passage is true for the given image [0]. ?,1,0,True,0
602,State whether or not the information provided in the passage is true for the given image [0]. ?,0,1,False,0
603,State whether or not the information provided in the passage is true for the given image [0]. ?,1,0,True,0
604,State whether or not the information provided in the passage is true for the given image [0]. ?,0,1,False,0
605,State whether or not the information provided in the passage is true for the given image [0]. ?,1,1,False,1
606,State whether or not the information provided in the passage is true for the given image [0]. ?,0,0,True,1
607,State whether or not the information provided in the passage is true for the given image [0]. ?,1,0,True,0
608,State whether or not the information provided in the passage is true for the given image [0]. ?,0,1,False,0
609,State whether or not the information provided in the passage is true for the given image [0]. ?,1,1,False,1
610,State whether or not the information provided in the passage is true for the given image [0]. ?,0,1,False,0
611,State whether or not the information provided in the passage is true for the given image [0]. ?,0,1,False,0
612,State whether or not the information provided in the passage is true for the given image [0]. ?,0,0,True,1
613,State whether or not the information provided in the passage is true for the given image [0]. ?,1,0,True,0
614,State whether or not the information provided in the passage is true for the given image [0]. ?,0,0,True,1
615,State whether or not the information provided in the passage is true for the given image [0]. ?,1,0,True,0
616,State whether or not the information provided in the passage is true for the given image [0]. ?,0,0,True,1
617,State whether or not the information provided in the passage is true for the given image [0]. ?,1,0,True,0
618,State whether or not the information provided in the passage is true for the given image [0]. ?,0,0,True,1
619,State whether or not the information provided in the passage is true for the given image [0]. ?,1,1,False,1
620,State whether or not the information provided in the passage is true for the given image [0]. ?,0,1,False,0
621,State whether or not the information provided in the passage is true for the given image [0]. ?,1,1,False,1
622,State whether or not the information provided in the passage is true for the given image [0]. ?,0,1,False,0
623,State whether or not the information provided in the passage is true for the given image [0]. ?,1,0,True,0
624,State whether or not the information provided in the passage is true for the given image [0]. ?,0,0,True,1
625,State whether or not the information provided in the passage is true for the given image [0]. ?,1,0,True,0
626,State whether or not the information provided in the passage is true for the given image [0]. ?,0,1,False,0
627,State whether or not the information provided in the passage is true for the given image [0]. ?,1,1,False,1
628,State whether or not the information provided in the passage is true for the given image [0]. ?,0,1,False,0
629,State whether or not the information provided in the passage is true for the given image [0]. ?,1,0,True,0
630,State whether or not the information provided in the passage is true for the given image [0]. ?,0,0,True,1
631,State whether or not the information provided in the passage is true for the given image [0]. ?,1,0,True,0
632,State whether or not the information provided in the passage is true for the given image [0]. ?,0,0,True,1
633,State whether or not the information provided in the passage is true for the given image [0]. ?,1,0,True,0
634,State whether or not the information provided in the passage is true for the given image [0]. ?,0,0,True,1
635,State whether or not the information provided in the passage is true for the given image [0]. ?,1,0,True,0
636,State whether or not the information provided in the passage is true for the given image [0]. ?,0,1,False,0
637,State whether or not the information provided in the passage is true for the given image [0]. ?,1,1,False,1
638,State whether or not the information provided in the passage is true for the given image [0]. ?,0,0,True,1
639,State whether or not the information provided in the passage is true for the given image [0]. ?,1,0,True,0
640,State whether or not the information provided in the passage is true for the given image [0]. ?,0,0,True,1
641,State whether or not the information provided in the passage is true for the given image [0]. ?,1,0,True,0
642,State whether or not the information provided in the passage is true for the given image [0]. ?,0,1,False,0
643,State whether or not the information provided in the passage is true for the given image [0]. ?,1,1,False,1
644,State whether or not the information provided in the passage is true for the given image [0]. ?,0,1,False,0
645,State whether or not the information provided in the passage is true for the given image [0]. ?,1,1,False,1
646,State whether or not the information provided in the passage is true for the given image [0]. ?,0,0,True,1
647,State whether or not the information provided in the passage is true for the given image [0]. ?,1,0,True,0
648,State whether or not the information provided in the passage is true for the given image [0]. ?,0,0,True,1
649,State whether or not the information provided in the passage is true for the given image [0]. ?,1,0,True,0
650,State whether or not the information provided in the passage is true for the given image [0]. ?,0,0,True,1
651,State whether or not the information provided in the passage is true for the given image [0]. ?,1,1,False,1
652,State whether or not the information provided in the passage is true for the given image [0]. ?,0,1,False,0
653,State whether or not the information provided in the passage is true for the given image [0]. ?,1,1,False,1
654,State whether or not the information provided in the passage is true for the given image [0]. ?,0,0,True,1
655,State whether or not the information provided in the passage is true for the given image [0]. ?,1,0,True,0
656,State whether or not the information provided in the passage is true for the given image [0]. ?,0,0,True,1
657,State whether or not the information provided in the passage is true for the given image [0]. ?,1,0,True,0
658,State whether or not the information provided in the passage is true for the given image [0]. ?,0,1,False,0
659,State whether or not the information provided in the passage is true for the given image [0]. ?,1,1,False,1
660,State whether or not the information provided in the passage is true for the given image [0]. ?,0,0,True,1
661,State whether or not the information provided in the passage is true for the given image [0]. ?,1,0,True,0
662,State whether or not the information provided in the passage is true for the given image [0]. ?,0,1,False,0
663,State whether or not the information provided in the passage is true for the given image [0]. ?,1,1,False,1
664,State whether or not the information provided in the passage is true for the given image [0]. ?,0,1,False,0
665,State whether or not the information provided in the passage is true for the given image [0]. ?,1,1,False,1
666,State whether or not the information provided in the passage is true for the given image [0]. ?,0,1,False,0
667,State whether or not the information provided in the passage is true for the given image [0]. ?,1,1,False,1
668,State whether or not the information provided in the passage is true for the given image [0]. ?,0,0,True,1
669,State whether or not the information provided in the passage is true for the given image [0]. ?,1,0,True,0
670,State whether or not the information provided in the passage is true for the given image [0]. ?,0,1,False,0
671,State whether or not the information provided in the passage is true for the given image [0]. ?,1,1,False,1
672,State whether or not the information provided in the passage is true for the given image [0]. ?,0,1,False,0
673,State whether or not the information provided in the passage is true for the given image [0]. ?,1,1,False,1
674,State whether or not the information provided in the passage is true for the given image [0]. ?,0,1,False,0
675,State whether or not the information provided in the passage is true for the given image [0]. ?,1,1,False,1
676,State whether or not the information provided in the passage is true for the given image [0]. ?,0,0,True,1
677,State whether or not the information provided in the passage is true for the given image [0]. ?,1,0,True,0
678,State whether or not the information provided in the passage is true for the given image [0]. ?,0,0,True,1
679,State whether or not the information provided in the passage is true for the given image [0]. ?,1,0,True,0
680,State whether or not the information provided in the passage is true for the given image [0]. ?,0,1,False,0
681,State whether or not the information provided in the passage is true for the given image [0]. ?,1,1,False,1
682,State whether or not the information provided in the passage is true for the given image [0]. ?,0,1,False,0
683,State whether or not the information provided in the passage is true for the given image [0]. ?,1,1,False,1
684,State whether or not the information provided in the passage is true for the given image [0]. ?,0,0,True,1
685,State whether or not the information provided in the passage is true for the given image [0]. ?,1,1,False,1
686,State whether or not the information provided in the passage is true for the given image [0]. ?,0,0,True,1
687,State whether or not the information provided in the passage is true for the given image [0]. ?,1,0,True,0
688,State whether or not the information provided in the passage is true for the given image [0]. ?,0,1,False,0
689,State whether or not the information provided in the passage is true for the given image [0]. ?,1,1,False,1
690,State whether or not the information provided in the passage is true for the given image [0]. ?,0,1,False,0
691,State whether or not the information provided in the passage is true for the given image [0]. ?,0,1,False,0
692,State whether or not the information provided in the passage is true for the given image [0]. ?,0,0,True,1
693,State whether or not the information provided in the passage is true for the given image [0]. ?,1,0,True,0
694,State whether or not the information provided in the passage is true for the given image [0]. ?,0,1,False,0
695,State whether or not the information provided in the passage is true for the given image [0]. ?,1,1,False,1
696,State whether or not the information provided in the passage is true for the given image [0]. ?,0,0,True,1
697,State whether or not the information provided in the passage is true for the given image [0]. ?,1,1,False,1
698,State whether or not the information provided in the passage is true for the given image [0]. ?,0,1,False,0
699,State whether or not the information provided in the passage is true for the given image [0]. ?,1,0,True,0
700,State whether or not the information provided in the passage is true for the given image [0]. ?,0,1,False,0
701,State whether or not the information provided in the passage is true for the given image [0]. ?,1,1,False,1
702,State whether or not the information provided in the passage is true for the given image [0]. ?,0,1,False,0
703,State whether or not the information provided in the passage is true for the given image [0]. ?,1,1,False,1
704,State whether or not the information provided in the passage is true for the given image [0]. ?,0,0,True,1
705,State whether or not the information provided in the passage is true for the given image [0]. ?,1,0,True,0
706,State whether or not the information provided in the passage is true for the given image [0]. ?,0,1,False,0
707,State whether or not the information provided in the passage is true for the given image [0]. ?,1,1,False,1
708,State whether or not the information provided in the passage is true for the given image [0]. ?,0,0,True,1
709,State whether or not the information provided in the passage is true for the given image [0]. ?,1,0,True,0
710,State whether or not the information provided in the passage is true for the given image [0]. ?,0,0,True,1
711,State whether or not the information provided in the passage is true for the given image [0]. ?,1,0,True,0
712,State whether or not the information provided in the passage is true for the given image [0]. ?,0,1,False,0
713,State whether or not the information provided in the passage is true for the given image [0]. ?,1,1,False,1
714,State whether or not the information provided in the passage is true for the given image [0]. ?,0,1,False,0
715,State whether or not the information provided in the passage is true for the given image [0]. ?,1,1,False,1
716,State whether or not the information provided in the passage is true for the given image [0]. ?,0,0,True,1
717,State whether or not the information provided in the passage is true for the given image [0]. ?,1,0,True,0
718,State whether or not the information provided in the passage is true for the given image [0]. ?,0,0,True,1
719,State whether or not the information provided in the passage is true for the given image [0]. ?,1,0,True,0
720,State whether or not the information provided in the passage is true for the given image [0]. ?,0,0,True,1
721,State whether or not the information provided in the passage is true for the given image [0]. ?,1,0,True,0
722,State whether or not the information provided in the passage is true for the given image [0]. ?,0,1,False,0
723,State whether or not the information provided in the passage is true for the given image [0]. ?,1,1,False,1
724,State whether or not the information provided in the passage is true for the given image [0]. ?,0,0,True,1
725,State whether or not the information provided in the passage is true for the given image [0]. ?,1,0,True,0
726,State whether or not the information provided in the passage is true for the given image [0]. ?,0,0,True,1
727,State whether or not the information provided in the passage is true for the given image [0]. ?,1,0,True,0
728,State whether or not the information provided in the passage is true for the given image [0]. ?,0,1,False,0
729,State whether or not the information provided in the passage is true for the given image [0]. ?,1,1,False,1
730,State whether or not the information provided in the passage is true for the given image [0]. ?,0,1,False,0
731,State whether or not the information provided in the passage is true for the given image [0]. ?,1,1,False,1
732,State whether or not the information provided in the passage is true for the given image [0]. ?,0,0,True,1
733,State whether or not the information provided in the passage is true for the given image [0]. ?,1,0,True,0
734,State whether or not the information provided in the passage is true for the given image [0]. ?,0,1,False,0
735,State whether or not the information provided in the passage is true for the given image [0]. ?,1,1,False,1
736,State whether or not the information provided in the passage is true for the given image [0]. ?,0,1,False,0
737,State whether or not the information provided in the passage is true for the given image [0]. ?,1,1,False,1
738,State whether or not the information provided in the passage is true for the given image [0]. ?,0,1,False,0
739,State whether or not the information provided in the passage is true for the given image [0]. ?,1,1,False,1
740,State whether or not the information provided in the passage is true for the given image [0]. ?,0,0,True,1
741,State whether or not the information provided in the passage is true for the given image [0]. ?,1,0,True,0
742,State whether or not the information provided in the passage is true for the given image [0]. ?,0,1,False,0
743,State whether or not the information provided in the passage is true for the given image [0]. ?,1,1,False,1
744,State whether or not the information provided in the passage is true for the given image [0]. ?,0,0,True,1
745,State whether or not the information provided in the passage is true for the given image [0]. ?,1,0,True,0
746,State whether or not the information provided in the passage is true for the given image [0]. ?,0,0,True,1
747,State whether or not the information provided in the passage is true for the given image [0]. ?,1,0,True,0
748,State whether or not the information provided in the passage is true for the given image [0]. ?,0,1,False,0
749,State whether or not the information provided in the passage is true for the given image [0]. ?,1,1,False,1
750,State whether or not the information provided in the passage is true for the given image [0]. ?,0,1,False,0
751,State whether or not the information provided in the passage is true for the given image [0]. ?,1,0,True,0
752,State whether or not the information provided in the passage is true for the given image [0]. ?,0,1,False,0
753,State whether or not the information provided in the passage is true for the given image [0]. ?,1,0,True,0
754,State whether or not the information provided in the passage is true for the given image [0]. ?,0,0,True,1
755,State whether or not the information provided in the passage is true for the given image [0]. ?,1,0,True,0
756,State whether or not the information provided in the passage is true for the given image [0]. ?,0,1,False,0
757,State whether or not the information provided in the passage is true for the given image [0]. ?,1,1,False,1
758,State whether or not the information provided in the passage is true for the given image [0]. ?,0,1,False,0
759,State whether or not the information provided in the passage is true for the given image [0]. ?,1,1,False,1
760,State whether or not the information provided in the passage is true for the given image [0]. ?,0,1,False,0
761,State whether or not the information provided in the passage is true for the given image [0]. ?,1,1,False,1
762,State whether or not the information provided in the passage is true for the given image [0]. ?,0,0,True,1
763,State whether or not the information provided in the passage is true for the given image [0]. ?,1,1,False,1
764,State whether or not the information provided in the passage is true for the given image [0]. ?,0,1,False,0
765,State whether or not the information provided in the passage is true for the given image [0]. ?,1,1,False,1
766,State whether or not the information provided in the passage is true for the given image [0]. ?,0,1,False,0
767,State whether or not the information provided in the passage is true for the given image [0]. ?,1,1,False,1
768,State whether or not the information provided in the passage is true for the given image [0]. ?,0,0,True,1
769,State whether or not the information provided in the passage is true for the given image [0]. ?,1,0,True,0
770,State whether or not the information provided in the passage is true for the given image [0]. ?,0,0,True,1
771,State whether or not the information provided in the passage is true for the given image [0]. ?,1,0,True,0
772,State whether or not the information provided in the passage is true for the given image [0]. ?,0,0,True,1
773,State whether or not the information provided in the passage is true for the given image [0]. ?,1,0,True,0
774,State whether or not the information provided in the passage is true for the given image [0]. ?,0,1,False,0
775,State whether or not the information provided in the passage is true for the given image [0]. ?,1,1,False,1
776,State whether or not the information provided in the passage is true for the given image [0]. ?,0,0,True,1
777,State whether or not the information provided in the passage is true for the given image [0]. ?,1,0,True,0
778,State whether or not the information provided in the passage is true for the given image [0]. ?,0,0,True,1
779,State whether or not the information provided in the passage is true for the given image [0]. ?,1,1,False,1
780,State whether or not the information provided in the passage is true for the given image [0]. ?,0,1,False,0
781,State whether or not the information provided in the passage is true for the given image [0]. ?,1,1,False,1
782,State whether or not the information provided in the passage is true for the given image [0]. ?,0,1,False,0
783,State whether or not the information provided in the passage is true for the given image [0]. ?,1,1,False,1
784,State whether or not the information provided in the passage is true for the given image [0]. ?,0,0,True,1
785,State whether or not the information provided in the passage is true for the given image [0]. ?,1,0,True,0
786,State whether or not the information provided in the passage is true for the given image [0]. ?,0,0,True,1
787,State whether or not the information provided in the passage is true for the given image [0]. ?,1,0,True,0
788,State whether or not the information provided in the passage is true for the given image [0]. ?,0,0,True,1
789,State whether or not the information provided in the passage is true for the given image [0]. ?,1,0,True,0
790,State whether or not the information provided in the passage is true for the given image [0]. ?,0,0,True,1
791,State whether or not the information provided in the passage is true for the given image [0]. ?,1,0,True,0
792,State whether or not the information provided in the passage is true for the given image [0]. ?,0,0,True,1
793,State whether or not the information provided in the passage is true for the given image [0]. ?,1,0,True,0
794,State whether or not the information provided in the passage is true for the given image [0]. ?,0,1,False,0
795,State whether or not the information provided in the passage is true for the given image [0]. ?,1,0,True,0
796,State whether or not the information provided in the passage is true for the given image [0]. ?,0,1,False,0
797,State whether or not the information provided in the passage is true for the given image [0]. ?,1,1,False,1
798,State whether or not the information provided in the passage is true for the given image [0]. ?,0,1,False,0
799,State whether or not the information provided in the passage is true for the given image [0]. ?,1,1,False,1
800,State whether or not the information provided in the passage is true for the given image [0]. ?,0,0,True,1
801,State whether or not the information provided in the passage is true for the given image [0]. ?,1,0,True,0
802,State whether or not the information provided in the passage is true for the given image [0]. ?,0,1,False,0
803,State whether or not the information provided in the passage is true for the given image [0]. ?,1,1,False,1
804,State whether or not the information provided in the passage is true for the given image [0]. ?,0,0,True,1
805,State whether or not the information provided in the passage is true for the given image [0]. ?,1,0,True,0
806,State whether or not the information provided in the passage is true for the given image [0]. ?,0,0,True,1
807,State whether or not the information provided in the passage is true for the given image [0]. ?,1,0,True,0
808,State whether or not the information provided in the passage is true for the given image [0]. ?,0,0,True,1
809,State whether or not the information provided in the passage is true for the given image [0]. ?,1,1,False,1
810,State whether or not the information provided in the passage is true for the given image [0]. ?,0,0,True,1
811,State whether or not the information provided in the passage is true for the given image [0]. ?,1,1,False,1
812,State whether or not the information provided in the passage is true for the given image [0]. ?,0,1,False,0
813,State whether or not the information provided in the passage is true for the given image [0]. ?,1,1,False,1
814,State whether or not the information provided in the passage is true for the given image [0]. ?,0,0,True,1
815,State whether or not the information provided in the passage is true for the given image [0]. ?,1,0,True,0
816,State whether or not the information provided in the passage is true for the given image [0]. ?,0,0,True,1
817,State whether or not the information provided in the passage is true for the given image [0]. ?,0,0,True,1
818,State whether or not the information provided in the passage is true for the given image [0]. ?,0,1,False,0
819,State whether or not the information provided in the passage is true for the given image [0]. ?,1,1,False,1
820,State whether or not the information provided in the passage is true for the given image [0]. ?,0,1,False,0
821,State whether or not the information provided in the passage is true for the given image [0]. ?,1,1,False,1
822,State whether or not the information provided in the passage is true for the given image [0]. ?,0,0,True,1
823,State whether or not the information provided in the passage is true for the given image [0]. ?,1,0,True,0
824,State whether or not the information provided in the passage is true for the given image [0]. ?,0,0,True,1
825,State whether or not the information provided in the passage is true for the given image [0]. ?,1,0,True,0
826,State whether or not the information provided in the passage is true for the given image [0]. ?,0,0,True,1
827,State whether or not the information provided in the passage is true for the given image [0]. ?,1,0,True,0
828,State whether or not the information provided in the passage is true for the given image [0]. ?,0,0,True,1
829,State whether or not the information provided in the passage is true for the given image [0]. ?,1,0,True,0
830,State whether or not the information provided in the passage is true for the given image [0]. ?,0,0,True,1
831,State whether or not the information provided in the passage is true for the given image [0]. ?,1,0,True,0
832,State whether or not the information provided in the passage is true for the given image [0]. ?,0,0,True,1
833,State whether or not the information provided in the passage is true for the given image [0]. ?,1,0,True,0
834,State whether or not the information provided in the passage is true for the given image [0]. ?,0,1,False,0
835,State whether or not the information provided in the passage is true for the given image [0]. ?,1,0,True,0
836,State whether or not the information provided in the passage is true for the given image [0]. ?,0,0,True,1
837,State whether or not the information provided in the passage is true for the given image [0]. ?,1,0,True,0
838,State whether or not the information provided in the passage is true for the given image [0]. ?,0,0,True,1
839,State whether or not the information provided in the passage is true for the given image [0]. ?,1,0,True,0
840,State whether or not the information provided in the passage is true for the given image [0]. ?,0,1,False,0
841,State whether or not the information provided in the passage is true for the given image [0]. ?,1,1,False,1
842,State whether or not the information provided in the passage is true for the given image [0]. ?,0,1,False,0
843,State whether or not the information provided in the passage is true for the given image [0]. ?,1,1,False,1
844,State whether or not the information provided in the passage is true for the given image [0]. ?,0,0,True,1
845,State whether or not the information provided in the passage is true for the given image [0]. ?,1,0,True,0
846,State whether or not the information provided in the passage is true for the given image [0]. ?,0,1,False,0
847,State whether or not the information provided in the passage is true for the given image [0]. ?,1,1,False,1
848,State whether or not the information provided in the passage is true for the given image [0]. ?,0,1,False,0
849,State whether or not the information provided in the passage is true for the given image [0]. ?,1,1,False,1
850,State whether or not the information provided in the passage is true for the given image [0]. ?,0,0,True,1
851,State whether or not the information provided in the passage is true for the given image [0]. ?,1,0,True,0
852,State whether or not the information provided in the passage is true for the given image [0]. ?,0,0,True,1
853,State whether or not the information provided in the passage is true for the given image [0]. ?,1,0,True,0
854,State whether or not the information provided in the passage is true for the given image [0]. ?,0,1,False,0
855,State whether or not the information provided in the passage is true for the given image [0]. ?,1,1,False,1
856,State whether or not the information provided in the passage is true for the given image [0]. ?,0,0,True,1
857,State whether or not the information provided in the passage is true for the given image [0]. ?,1,0,True,0
858,State whether or not the information provided in the passage is true for the given image [0]. ?,0,0,True,1
859,State whether or not the information provided in the passage is true for the given image [0]. ?,1,0,True,0
860,State whether or not the information provided in the passage is true for the given image [0]. ?,0,0,True,1
861,State whether or not the information provided in the passage is true for the given image [0]. ?,1,0,True,0
862,State whether or not the information provided in the passage is true for the given image [0]. ?,0,1,False,0
863,State whether or not the information provided in the passage is true for the given image [0]. ?,1,1,False,1
864,State whether or not the information provided in the passage is true for the given image [0]. ?,0,0,True,1
865,State whether or not the information provided in the passage is true for the given image [0]. ?,1,0,True,0
866,State whether or not the information provided in the passage is true for the given image [0]. ?,0,0,True,1
867,State whether or not the information provided in the passage is true for the given image [0]. ?,1,0,True,0
868,State whether or not the information provided in the passage is true for the given image [0]. ?,0,0,True,1
869,State whether or not the information provided in the passage is true for the given image [0]. ?,1,0,True,0
870,State whether or not the information provided in the passage is true for the given image [0]. ?,0,1,False,0
871,State whether or not the information provided in the passage is true for the given image [0]. ?,1,1,False,1
872,State whether or not the information provided in the passage is true for the given image [0]. ?,0,0,True,1
873,State whether or not the information provided in the passage is true for the given image [0]. ?,1,0,True,0
874,State whether or not the information provided in the passage is true for the given image [0]. ?,0,0,True,1
875,State whether or not the information provided in the passage is true for the given image [0]. ?,1,0,True,0
876,State whether or not the information provided in the passage is true for the given image [0]. ?,0,0,True,1
877,State whether or not the information provided in the passage is true for the given image [0]. ?,1,0,True,0
878,State whether or not the information provided in the passage is true for the given image [0]. ?,0,1,False,0
879,State whether or not the information provided in the passage is true for the given image [0]. ?,1,1,False,1
880,State whether or not the information provided in the passage is true for the given image [0]. ?,0,1,False,0
881,State whether or not the information provided in the passage is true for the given image [0]. ?,1,1,False,1
882,State whether or not the information provided in the passage is true for the given image [0]. ?,0,1,False,0
883,State whether or not the information provided in the passage is true for the given image [0]. ?,1,1,False,1
884,State whether or not the information provided in the passage is true for the given image [0]. ?,0,0,True,1
885,State whether or not the information provided in the passage is true for the given image [0]. ?,1,0,True,0
886,State whether or not the information provided in the passage is true for the given image [0]. ?,0,1,False,0
887,State whether or not the information provided in the passage is true for the given image [0]. ?,1,1,False,1
888,State whether or not the information provided in the passage is true for the given image [0]. ?,0,1,False,0
889,State whether or not the information provided in the passage is true for the given image [0]. ?,1,1,False,1
890,State whether or not the information provided in the passage is true for the given image [0]. ?,0,0,True,1
891,State whether or not the information provided in the passage is true for the given image [0]. ?,1,0,True,0
892,State whether or not the information provided in the passage is true for the given image [0]. ?,0,1,False,0
893,State whether or not the information provided in the passage is true for the given image [0]. ?,1,1,False,1
894,State whether or not the information provided in the passage is true for the given image [0]. ?,0,0,True,1
895,State whether or not the information provided in the passage is true for the given image [0]. ?,1,1,False,1
896,State whether or not the information provided in the passage is true for the given image [0]. ?,0,0,True,1
897,State whether or not the information provided in the passage is true for the given image [0]. ?,1,0,True,0
898,State whether or not the information provided in the passage is true for the given image [0]. ?,0,1,False,0
899,State whether or not the information provided in the passage is true for the given image [0]. ?,1,1,False,1
900,State whether or not the information provided in the passage is true for the given image [0]. ?,0,1,False,0
901,State whether or not the information provided in the passage is true for the given image [0]. ?,1,1,False,1
902,State whether or not the information provided in the passage is true for the given image [0]. ?,0,0,True,1
903,State whether or not the information provided in the passage is true for the given image [0]. ?,1,0,True,0
904,State whether or not the information provided in the passage is true for the given image [0]. ?,0,1,False,0
905,State whether or not the information provided in the passage is true for the given image [0]. ?,1,1,False,1
906,State whether or not the information provided in the passage is true for the given image [0]. ?,0,0,True,1
907,State whether or not the information provided in the passage is true for the given image [0]. ?,1,0,True,0
908,State whether or not the information provided in the passage is true for the given image [0]. ?,0,0,True,1
909,State whether or not the information provided in the passage is true for the given image [0]. ?,1,0,True,0
910,State whether or not the information provided in the passage is true for the given image [0]. ?,0,0,True,1
911,State whether or not the information provided in the passage is true for the given image [0]. ?,1,0,True,0
912,State whether or not the information provided in the passage is true for the given image [0]. ?,0,0,True,1
913,State whether or not the information provided in the passage is true for the given image [0]. ?,1,1,False,1
914,State whether or not the information provided in the passage is true for the given image [0]. ?,0,1,False,0
915,State whether or not the information provided in the passage is true for the given image [0]. ?,1,1,False,1
916,State whether or not the information provided in the passage is true for the given image [0]. ?,0,1,False,0
917,State whether or not the information provided in the passage is true for the given image [0]. ?,1,1,False,1
918,State whether or not the information provided in the passage is true for the given image [0]. ?,0,1,False,0
919,State whether or not the information provided in the passage is true for the given image [0]. ?,1,1,False,1
920,State whether or not the information provided in the passage is true for the given image [0]. ?,0,1,False,0
921,State whether or not the information provided in the passage is true for the given image [0]. ?,1,1,False,1
922,State whether or not the information provided in the passage is true for the given image [0]. ?,0,0,True,1
923,State whether or not the information provided in the passage is true for the given image [0]. ?,1,0,True,0
924,State whether or not the information provided in the passage is true for the given image [0]. ?,0,0,True,1
925,State whether or not the information provided in the passage is true for the given image [0]. ?,1,0,True,0
926,State whether or not the information provided in the passage is true for the given image [0]. ?,0,0,True,1
927,State whether or not the information provided in the passage is true for the given image [0]. ?,0,0,True,1
928,State whether or not the information provided in the passage is true for the given image [0]. ?,0,1,False,0
929,State whether or not the information provided in the passage is true for the given image [0]. ?,1,1,False,1
930,State whether or not the information provided in the passage is true for the given image [0]. ?,0,0,True,1
931,State whether or not the information provided in the passage is true for the given image [0]. ?,1,1,False,1
932,State whether or not the information provided in the passage is true for the given image [0]. ?,0,0,True,1
933,State whether or not the information provided in the passage is true for the given image [0]. ?,1,0,True,0
934,State whether or not the information provided in the passage is true for the given image [0]. ?,0,0,True,1
935,State whether or not the information provided in the passage is true for the given image [0]. ?,1,1,False,1
936,State whether or not the information provided in the passage is true for the given image [0]. ?,0,0,True,1
937,State whether or not the information provided in the passage is true for the given image [0]. ?,1,1,False,1
938,State whether or not the information provided in the passage is true for the given image [0]. ?,0,0,True,1
939,State whether or not the information provided in the passage is true for the given image [0]. ?,1,0,True,0
940,State whether or not the information provided in the passage is true for the given image [0]. ?,0,0,True,1
941,State whether or not the information provided in the passage is true for the given image [0]. ?,1,0,True,0
942,State whether or not the information provided in the passage is true for the given image [0]. ?,0,0,True,1
943,State whether or not the information provided in the passage is true for the given image [0]. ?,1,0,True,0
944,State whether or not the information provided in the passage is true for the given image [0]. ?,0,0,True,1
945,State whether or not the information provided in the passage is true for the given image [0]. ?,0,0,True,1
946,State whether or not the information provided in the passage is true for the given image [0]. ?,0,0,True,1
947,State whether or not the information provided in the passage is true for the given image [0]. ?,1,0,True,0
