qid,question,origanswer,generatedanswer,modified_generatedanswer,correctness
0,"Answer Choices are: 
a. Image0 matches Caption0 and the image1 matches Caption1
b. Image0 matches Caption1 and the image1 matches Caption0
Specify the correct matching by choosing a or b.",b,Caption0,0,0
1,"Answer Choices are: 
a. Image0 matches Caption0 and the image1 matches Caption1
b. Image0 matches Caption1 and the image1 matches Caption0
Specify the correct matching by choosing a or b.",b,Caption0,0,0
2,"Answer Choices are: 
a. Image0 matches Caption0 and the image1 matches Caption1
b. Image0 matches Caption1 and the image1 matches Caption0
Specify the correct matching by choosing a or b.",a,Caption0,0,0
3,"Answer Choices are: 
a. Image0 matches Caption0 and the image1 matches Caption1
b. Image0 matches Caption1 and the image1 matches Caption0
Specify the correct matching by choosing a or b.",b,Caption0,0,0
4,"Answer Choices are: 
a. Image0 matches Caption0 and the image1 matches Caption1
b. Image0 matches Caption1 and the image1 matches Caption0
Specify the correct matching by choosing a or b.",a,Caption0,0,0
5,"Answer Choices are: 
a. Image0 matches Caption0 and the image1 matches Caption1
b. Image0 matches Caption1 and the image1 matches Caption0
Specify the correct matching by choosing a or b.",a,Caption0,0,0
6,"Answer Choices are: 
a. Image0 matches Caption0 and the image1 matches Caption1
b. Image0 matches Caption1 and the image1 matches Caption0
Specify the correct matching by choosing a or b.",b,Caption0,0,0
7,"Answer Choices are: 
a. Image0 matches Caption0 and the image1 matches Caption1
b. Image0 matches Caption1 and the image1 matches Caption0
Specify the correct matching by choosing a or b.",a,bottle,?,0
8,"Answer Choices are: 
a. Image0 matches Caption0 and the image1 matches Caption1
b. Image0 matches Caption1 and the image1 matches Caption0
Specify the correct matching by choosing a or b.",a,Caption0,0,0
9,"Answer Choices are: 
a. Image0 matches Caption0 and the image1 matches Caption1
b. Image0 matches Caption1 and the image1 matches Caption0
Specify the correct matching by choosing a or b.",a,Caption0,0,0
10,"Answer Choices are: 
a. Image0 matches Caption0 and the image1 matches Caption1
b. Image0 matches Caption1 and the image1 matches Caption0
Specify the correct matching by choosing a or b.",a,Caption0,0,0
11,"Answer Choices are: 
a. Image0 matches Caption0 and the image1 matches Caption1
b. Image0 matches Caption1 and the image1 matches Caption0
Specify the correct matching by choosing a or b.",b,below someone,?,0
12,"Answer Choices are: 
a. Image0 matches Caption0 and the image1 matches Caption1
b. Image0 matches Caption1 and the image1 matches Caption0
Specify the correct matching by choosing a or b.",b,Caption0,0,0
13,"Answer Choices are: 
a. Image0 matches Caption0 and the image1 matches Caption1
b. Image0 matches Caption1 and the image1 matches Caption0
Specify the correct matching by choosing a or b.",a,Caption0,0,0
14,"Answer Choices are: 
a. Image0 matches Caption0 and the image1 matches Caption1
b. Image0 matches Caption1 and the image1 matches Caption0
Specify the correct matching by choosing a or b.",b,Caption0,0,0
15,"Answer Choices are: 
a. Image0 matches Caption0 and the image1 matches Caption1
b. Image0 matches Caption1 and the image1 matches Caption0
Specify the correct matching by choosing a or b.",b,Caption0,0,0
16,"Answer Choices are: 
a. Image0 matches Caption0 and the image1 matches Caption1
b. Image0 matches Caption1 and the image1 matches Caption0
Specify the correct matching by choosing a or b.",a,forks,?,0
17,"Answer Choices are: 
a. Image0 matches Caption0 and the image1 matches Caption1
b. Image0 matches Caption1 and the image1 matches Caption0
Specify the correct matching by choosing a or b.",b,"Caption0: there are more flowers than ladybugs, Caption1: there are more ladybugs than flowers",?,0
18,"Answer Choices are: 
a. Image0 matches Caption0 and the image1 matches Caption1
b. Image0 matches Caption1 and the image1 matches Caption0
Specify the correct matching by choosing a or b.",a,Caption0,0,0
19,"Answer Choices are: 
a. Image0 matches Caption0 and the image1 matches Caption1
b. Image0 matches Caption1 and the image1 matches Caption0
Specify the correct matching by choosing a or b.",a,Caption0,0,0
20,"Answer Choices are: 
a. Image0 matches Caption0 and the image1 matches Caption1
b. Image0 matches Caption1 and the image1 matches Caption0
Specify the correct matching by choosing a or b.",b,Caption0,0,0
21,"Answer Choices are: 
a. Image0 matches Caption0 and the image1 matches Caption1
b. Image0 matches Caption1 and the image1 matches Caption0
Specify the correct matching by choosing a or b.",a,Caption0,0,0
22,"Answer Choices are: 
a. Image0 matches Caption0 and the image1 matches Caption1
b. Image0 matches Caption1 and the image1 matches Caption0
Specify the correct matching by choosing a or b.",b,Caption0,0,0
23,"Answer Choices are: 
a. Image0 matches Caption0 and the image1 matches Caption1
b. Image0 matches Caption1 and the image1 matches Caption0
Specify the correct matching by choosing a or b.",b,floating,?,0
24,"Answer Choices are: 
a. Image0 matches Caption0 and the image1 matches Caption1
b. Image0 matches Caption1 and the image1 matches Caption0
Specify the correct matching by choosing a or b.",a,Caption0,0,0
25,"Answer Choices are: 
a. Image0 matches Caption0 and the image1 matches Caption1
b. Image0 matches Caption1 and the image1 matches Caption0
Specify the correct matching by choosing a or b.",a,Caption0,0,0
26,"Answer Choices are: 
a. Image0 matches Caption0 and the image1 matches Caption1
b. Image0 matches Caption1 and the image1 matches Caption0
Specify the correct matching by choosing a or b.",b,Caption0,0,0
27,"Answer Choices are: 
a. Image0 matches Caption0 and the image1 matches Caption1
b. Image0 matches Caption1 and the image1 matches Caption0
Specify the correct matching by choosing a or b.",b,Caption0,0,0
28,"Answer Choices are: 
a. Image0 matches Caption0 and the image1 matches Caption1
b. Image0 matches Caption1 and the image1 matches Caption0
Specify the correct matching by choosing a or b.",a,yellow dress,?,0
29,"Answer Choices are: 
a. Image0 matches Caption0 and the image1 matches Caption1
b. Image0 matches Caption1 and the image1 matches Caption0
Specify the correct matching by choosing a or b.",b,Caption0,0,0
30,"Answer Choices are: 
a. Image0 matches Caption0 and the image1 matches Caption1
b. Image0 matches Caption1 and the image1 matches Caption0
Specify the correct matching by choosing a or b.",b,Caption0,0,0
31,"Answer Choices are: 
a. Image0 matches Caption0 and the image1 matches Caption1
b. Image0 matches Caption1 and the image1 matches Caption0
Specify the correct matching by choosing a or b.",a,Caption0,0,0
32,"Answer Choices are: 
a. Image0 matches Caption0 and the image1 matches Caption1
b. Image0 matches Caption1 and the image1 matches Caption0
Specify the correct matching by choosing a or b.",a,Caption0,0,0
33,"Answer Choices are: 
a. Image0 matches Caption0 and the image1 matches Caption1
b. Image0 matches Caption1 and the image1 matches Caption0
Specify the correct matching by choosing a or b.",b,round base,?,0
34,"Answer Choices are: 
a. Image0 matches Caption0 and the image1 matches Caption1
b. Image0 matches Caption1 and the image1 matches Caption0
Specify the correct matching by choosing a or b.",b,"Caption0: rectangular bushes are behind pointy bushes, Caption1: pointy bushes are behind rectangular bushes",?,0
35,"Answer Choices are: 
a. Image0 matches Caption0 and the image1 matches Caption1
b. Image0 matches Caption1 and the image1 matches Caption0
Specify the correct matching by choosing a or b.",b,Caption0,0,0
36,"Answer Choices are: 
a. Image0 matches Caption0 and the image1 matches Caption1
b. Image0 matches Caption1 and the image1 matches Caption0
Specify the correct matching by choosing a or b.",a,Caption0,0,0
37,"Answer Choices are: 
a. Image0 matches Caption0 and the image1 matches Caption1
b. Image0 matches Caption1 and the image1 matches Caption0
Specify the correct matching by choosing a or b.",b,Caption1: soft shoes are on a smooth floor,?,0
38,"Answer Choices are: 
a. Image0 matches Caption0 and the image1 matches Caption1
b. Image0 matches Caption1 and the image1 matches Caption0
Specify the correct matching by choosing a or b.",b,Caption0,0,0
39,"Answer Choices are: 
a. Image0 matches Caption0 and the image1 matches Caption1
b. Image0 matches Caption1 and the image1 matches Caption0
Specify the correct matching by choosing a or b.",b,"Caption0: the helpful person is on the left and the hurt person is on the right, Caption1",?,0
40,"Answer Choices are: 
a. Image0 matches Caption0 and the image1 matches Caption1
b. Image0 matches Caption1 and the image1 matches Caption0
Specify the correct matching by choosing a or b.",a,Caption0,0,0
41,"Answer Choices are: 
a. Image0 matches Caption0 and the image1 matches Caption1
b. Image0 matches Caption1 and the image1 matches Caption0
Specify the correct matching by choosing a or b.",b,Caption0,0,0
42,"Answer Choices are: 
a. Image0 matches Caption0 and the image1 matches Caption1
b. Image0 matches Caption1 and the image1 matches Caption0
Specify the correct matching by choosing a or b.",b,yellow,?,0
43,"Answer Choices are: 
a. Image0 matches Caption0 and the image1 matches Caption1
b. Image0 matches Caption1 and the image1 matches Caption0
Specify the correct matching by choosing a or b.",b,Caption0,0,0
44,"Answer Choices are: 
a. Image0 matches Caption0 and the image1 matches Caption1
b. Image0 matches Caption1 and the image1 matches Caption0
Specify the correct matching by choosing a or b.",a,Caption0,0,0
45,"Answer Choices are: 
a. Image0 matches Caption0 and the image1 matches Caption1
b. Image0 matches Caption1 and the image1 matches Caption0
Specify the correct matching by choosing a or b.",b,Caption0,0,0
46,"Answer Choices are: 
a. Image0 matches Caption0 and the image1 matches Caption1
b. Image0 matches Caption1 and the image1 matches Caption0
Specify the correct matching by choosing a or b.",b,Caption0,0,0
47,"Answer Choices are: 
a. Image0 matches Caption0 and the image1 matches Caption1
b. Image0 matches Caption1 and the image1 matches Caption0
Specify the correct matching by choosing a or b.",a,close,?,0
48,"Answer Choices are: 
a. Image0 matches Caption0 and the image1 matches Caption1
b. Image0 matches Caption1 and the image1 matches Caption0
Specify the correct matching by choosing a or b.",b,Caption0,0,0
49,"Answer Choices are: 
a. Image0 matches Caption0 and the image1 matches Caption1
b. Image0 matches Caption1 and the image1 matches Caption0
Specify the correct matching by choosing a or b.",b,"Caption0: the person wears a hat but it doesn't, Caption1: it wears a hat",?,0
50,"Answer Choices are: 
a. Image0 matches Caption0 and the image1 matches Caption1
b. Image0 matches Caption1 and the image1 matches Caption0
Specify the correct matching by choosing a or b.",b,Caption0,0,0
51,"Answer Choices are: 
a. Image0 matches Caption0 and the image1 matches Caption1
b. Image0 matches Caption1 and the image1 matches Caption0
Specify the correct matching by choosing a or b.",a,Caption0,0,0
52,"Answer Choices are: 
a. Image0 matches Caption0 and the image1 matches Caption1
b. Image0 matches Caption1 and the image1 matches Caption0
Specify the correct matching by choosing a or b.",a,Caption0,0,0
53,"Answer Choices are: 
a. Image0 matches Caption0 and the image1 matches Caption1
b. Image0 matches Caption1 and the image1 matches Caption0
Specify the correct matching by choosing a or b.",b,Caption0,0,0
54,"Answer Choices are: 
a. Image0 matches Caption0 and the image1 matches Caption1
b. Image0 matches Caption1 and the image1 matches Caption0
Specify the correct matching by choosing a or b.",a,Caption0,0,0
55,"Answer Choices are: 
a. Image0 matches Caption0 and the image1 matches Caption1
b. Image0 matches Caption1 and the image1 matches Caption0
Specify the correct matching by choosing a or b.",a,Caption0,0,0
56,"Answer Choices are: 
a. Image0 matches Caption0 and the image1 matches Caption1
b. Image0 matches Caption1 and the image1 matches Caption0
Specify the correct matching by choosing a or b.",a,Caption0,0,0
57,"Answer Choices are: 
a. Image0 matches Caption0 and the image1 matches Caption1
b. Image0 matches Caption1 and the image1 matches Caption0
Specify the correct matching by choosing a or b.",a,Caption0,0,0
58,"Answer Choices are: 
a. Image0 matches Caption0 and the image1 matches Caption1
b. Image0 matches Caption1 and the image1 matches Caption0
Specify the correct matching by choosing a or b.",b,Caption0,0,0
59,"Answer Choices are: 
a. Image0 matches Caption0 and the image1 matches Caption1
b. Image0 matches Caption1 and the image1 matches Caption0
Specify the correct matching by choosing a or b.",a,Caption0,0,0
60,"Answer Choices are: 
a. Image0 matches Caption0 and the image1 matches Caption1
b. Image0 matches Caption1 and the image1 matches Caption0
Specify the correct matching by choosing a or b.",a,Caption0,0,0
61,"Answer Choices are: 
a. Image0 matches Caption0 and the image1 matches Caption1
b. Image0 matches Caption1 and the image1 matches Caption0
Specify the correct matching by choosing a or b.",a,Caption1: there are two people and three windows,?,0
62,"Answer Choices are: 
a. Image0 matches Caption0 and the image1 matches Caption1
b. Image0 matches Caption1 and the image1 matches Caption0
Specify the correct matching by choosing a or b.",a,"Caption0: there are 50 stars on the right flag and 5 stars on the left flag, Caption1: there are 5 stars on the right flag and 50 stars on the left flag",?,0
63,"Answer Choices are: 
a. Image0 matches Caption0 and the image1 matches Caption1
b. Image0 matches Caption1 and the image1 matches Caption0
Specify the correct matching by choosing a or b.",b,white shirts,?,0
64,"Answer Choices are: 
a. Image0 matches Caption0 and the image1 matches Caption1
b. Image0 matches Caption1 and the image1 matches Caption0
Specify the correct matching by choosing a or b.",b,Caption0,0,0
65,"Answer Choices are: 
a. Image0 matches Caption0 and the image1 matches Caption1
b. Image0 matches Caption1 and the image1 matches Caption0
Specify the correct matching by choosing a or b.",b,Caption0,0,0
66,"Answer Choices are: 
a. Image0 matches Caption0 and the image1 matches Caption1
b. Image0 matches Caption1 and the image1 matches Caption0
Specify the correct matching by choosing a or b.",a,Caption0,0,0
67,"Answer Choices are: 
a. Image0 matches Caption0 and the image1 matches Caption1
b. Image0 matches Caption1 and the image1 matches Caption0
Specify the correct matching by choosing a or b.",a,Caption0,0,0
68,"Answer Choices are: 
a. Image0 matches Caption0 and the image1 matches Caption1
b. Image0 matches Caption1 and the image1 matches Caption0
Specify the correct matching by choosing a or b.",a,Caption0,0,0
69,"Answer Choices are: 
a. Image0 matches Caption0 and the image1 matches Caption1
b. Image0 matches Caption1 and the image1 matches Caption0
Specify the correct matching by choosing a or b.",a,swimming,?,0
70,"Answer Choices are: 
a. Image0 matches Caption0 and the image1 matches Caption1
b. Image0 matches Caption1 and the image1 matches Caption0
Specify the correct matching by choosing a or b.",a,Caption0,0,0
71,"Answer Choices are: 
a. Image0 matches Caption0 and the image1 matches Caption1
b. Image0 matches Caption1 and the image1 matches Caption0
Specify the correct matching by choosing a or b.",b,picture,?,0
72,"Answer Choices are: 
a. Image0 matches Caption0 and the image1 matches Caption1
b. Image0 matches Caption1 and the image1 matches Caption0
Specify the correct matching by choosing a or b.",a,Caption0,0,0
73,"Answer Choices are: 
a. Image0 matches Caption0 and the image1 matches Caption1
b. Image0 matches Caption1 and the image1 matches Caption0
Specify the correct matching by choosing a or b.",a,Caption0,0,0
74,"Answer Choices are: 
a. Image0 matches Caption0 and the image1 matches Caption1
b. Image0 matches Caption1 and the image1 matches Caption0
Specify the correct matching by choosing a or b.",a,Caption0,0,0
75,"Answer Choices are: 
a. Image0 matches Caption0 and the image1 matches Caption1
b. Image0 matches Caption1 and the image1 matches Caption0
Specify the correct matching by choosing a or b.",a,"Caption0: the kid with the magnifying glass looks at them, Caption1: the kid looks at them with the magnifying glass",?,0
76,"Answer Choices are: 
a. Image0 matches Caption0 and the image1 matches Caption1
b. Image0 matches Caption1 and the image1 matches Caption0
Specify the correct matching by choosing a or b.",a,Caption0,0,0
77,"Answer Choices are: 
a. Image0 matches Caption0 and the image1 matches Caption1
b. Image0 matches Caption1 and the image1 matches Caption0
Specify the correct matching by choosing a or b.",a,Caption0,0,0
78,"Answer Choices are: 
a. Image0 matches Caption0 and the image1 matches Caption1
b. Image0 matches Caption1 and the image1 matches Caption0
Specify the correct matching by choosing a or b.",b,Caption0,0,0
79,"Answer Choices are: 
a. Image0 matches Caption0 and the image1 matches Caption1
b. Image0 matches Caption1 and the image1 matches Caption0
Specify the correct matching by choosing a or b.",b,Caption0,0,0
80,"Answer Choices are: 
a. Image0 matches Caption0 and the image1 matches Caption1
b. Image0 matches Caption1 and the image1 matches Caption0
Specify the correct matching by choosing a or b.",a,Caption0,0,0
81,"Answer Choices are: 
a. Image0 matches Caption0 and the image1 matches Caption1
b. Image0 matches Caption1 and the image1 matches Caption0
Specify the correct matching by choosing a or b.",a,Caption0,0,0
82,"Answer Choices are: 
a. Image0 matches Caption0 and the image1 matches Caption1
b. Image0 matches Caption1 and the image1 matches Caption0
Specify the correct matching by choosing a or b.",b,straight-haired,?,0
83,"Answer Choices are: 
a. Image0 matches Caption0 and the image1 matches Caption1
b. Image0 matches Caption1 and the image1 matches Caption0
Specify the correct matching by choosing a or b.",a,Caption0,0,0
84,"Answer Choices are: 
a. Image0 matches Caption0 and the image1 matches Caption1
b. Image0 matches Caption1 and the image1 matches Caption0
Specify the correct matching by choosing a or b.",a,Caption0,0,0
85,"Answer Choices are: 
a. Image0 matches Caption0 and the image1 matches Caption1
b. Image0 matches Caption1 and the image1 matches Caption0
Specify the correct matching by choosing a or b.",b,Caption0,0,0
86,"Answer Choices are: 
a. Image0 matches Caption0 and the image1 matches Caption1
b. Image0 matches Caption1 and the image1 matches Caption0
Specify the correct matching by choosing a or b.",a,Caption0,0,0
87,"Answer Choices are: 
a. Image0 matches Caption0 and the image1 matches Caption1
b. Image0 matches Caption1 and the image1 matches Caption0
Specify the correct matching by choosing a or b.",a,Caption0,0,0
88,"Answer Choices are: 
a. Image0 matches Caption0 and the image1 matches Caption1
b. Image0 matches Caption1 and the image1 matches Caption0
Specify the correct matching by choosing a or b.",a,Caption0,0,0
89,"Answer Choices are: 
a. Image0 matches Caption0 and the image1 matches Caption1
b. Image0 matches Caption1 and the image1 matches Caption0
Specify the correct matching by choosing a or b.",b,Caption0,0,0
90,"Answer Choices are: 
a. Image0 matches Caption0 and the image1 matches Caption1
b. Image0 matches Caption1 and the image1 matches Caption0
Specify the correct matching by choosing a or b.",a,Caption0,0,0
91,"Answer Choices are: 
a. Image0 matches Caption0 and the image1 matches Caption1
b. Image0 matches Caption1 and the image1 matches Caption0
Specify the correct matching by choosing a or b.",b,lines,?,0
92,"Answer Choices are: 
a. Image0 matches Caption0 and the image1 matches Caption1
b. Image0 matches Caption1 and the image1 matches Caption0
Specify the correct matching by choosing a or b.",a,angrily,?,0
93,"Answer Choices are: 
a. Image0 matches Caption0 and the image1 matches Caption1
b. Image0 matches Caption1 and the image1 matches Caption0
Specify the correct matching by choosing a or b.",a,Caption1,0,0
94,"Answer Choices are: 
a. Image0 matches Caption0 and the image1 matches Caption1
b. Image0 matches Caption1 and the image1 matches Caption0
Specify the correct matching by choosing a or b.",a,Caption0,0,0
95,"Answer Choices are: 
a. Image0 matches Caption0 and the image1 matches Caption1
b. Image0 matches Caption1 and the image1 matches Caption0
Specify the correct matching by choosing a or b.",a,Caption0,0,0
96,"Answer Choices are: 
a. Image0 matches Caption0 and the image1 matches Caption1
b. Image0 matches Caption1 and the image1 matches Caption0
Specify the correct matching by choosing a or b.",a,Caption0,0,0
97,"Answer Choices are: 
a. Image0 matches Caption0 and the image1 matches Caption1
b. Image0 matches Caption1 and the image1 matches Caption0
Specify the correct matching by choosing a or b.",b,fish,?,0
98,"Answer Choices are: 
a. Image0 matches Caption0 and the image1 matches Caption1
b. Image0 matches Caption1 and the image1 matches Caption0
Specify the correct matching by choosing a or b.",a,Caption0,0,0
99,"Answer Choices are: 
a. Image0 matches Caption0 and the image1 matches Caption1
b. Image0 matches Caption1 and the image1 matches Caption0
Specify the correct matching by choosing a or b.",a,hat,?,0
100,"Answer Choices are: 
a. Image0 matches Caption0 and the image1 matches Caption1
b. Image0 matches Caption1 and the image1 matches Caption0
Specify the correct matching by choosing a or b.",a,Caption0,0,0
101,"Answer Choices are: 
a. Image0 matches Caption0 and the image1 matches Caption1
b. Image0 matches Caption1 and the image1 matches Caption0
Specify the correct matching by choosing a or b.",b,Caption0,0,0
102,"Answer Choices are: 
a. Image0 matches Caption0 and the image1 matches Caption1
b. Image0 matches Caption1 and the image1 matches Caption0
Specify the correct matching by choosing a or b.",a,Caption0,0,0
103,"Answer Choices are: 
a. Image0 matches Caption0 and the image1 matches Caption1
b. Image0 matches Caption1 and the image1 matches Caption0
Specify the correct matching by choosing a or b.",a,loud,?,0
104,"Answer Choices are: 
a. Image0 matches Caption0 and the image1 matches Caption1
b. Image0 matches Caption1 and the image1 matches Caption0
Specify the correct matching by choosing a or b.",b,Caption0,0,0
105,"Answer Choices are: 
a. Image0 matches Caption0 and the image1 matches Caption1
b. Image0 matches Caption1 and the image1 matches Caption0
Specify the correct matching by choosing a or b.",a,Caption0,0,0
106,"Answer Choices are: 
a. Image0 matches Caption0 and the image1 matches Caption1
b. Image0 matches Caption1 and the image1 matches Caption0
Specify the correct matching by choosing a or b.",a,black shirt,?,0
107,"Answer Choices are: 
a. Image0 matches Caption0 and the image1 matches Caption1
b. Image0 matches Caption1 and the image1 matches Caption0
Specify the correct matching by choosing a or b.",a,Caption0,0,0
108,"Answer Choices are: 
a. Image0 matches Caption0 and the image1 matches Caption1
b. Image0 matches Caption1 and the image1 matches Caption0
Specify the correct matching by choosing a or b.",a,red shutters,?,0
109,"Answer Choices are: 
a. Image0 matches Caption0 and the image1 matches Caption1
b. Image0 matches Caption1 and the image1 matches Caption0
Specify the correct matching by choosing a or b.",a,top,?,0
110,"Answer Choices are: 
a. Image0 matches Caption0 and the image1 matches Caption1
b. Image0 matches Caption1 and the image1 matches Caption0
Specify the correct matching by choosing a or b.",b,"Caption0: there's one yellow and many blue balls, Caption1: there's one blue and many yellow balls",?,0
111,"Answer Choices are: 
a. Image0 matches Caption0 and the image1 matches Caption1
b. Image0 matches Caption1 and the image1 matches Caption0
Specify the correct matching by choosing a or b.",b,gold coins,?,0
112,"Answer Choices are: 
a. Image0 matches Caption0 and the image1 matches Caption1
b. Image0 matches Caption1 and the image1 matches Caption0
Specify the correct matching by choosing a or b.",b,Caption0,0,0
113,"Answer Choices are: 
a. Image0 matches Caption0 and the image1 matches Caption1
b. Image0 matches Caption1 and the image1 matches Caption0
Specify the correct matching by choosing a or b.",b,sweater,?,0
114,"Answer Choices are: 
a. Image0 matches Caption0 and the image1 matches Caption1
b. Image0 matches Caption1 and the image1 matches Caption0
Specify the correct matching by choosing a or b.",b,Caption0,0,0
115,"Answer Choices are: 
a. Image0 matches Caption0 and the image1 matches Caption1
b. Image0 matches Caption1 and the image1 matches Caption0
Specify the correct matching by choosing a or b.",b,Caption0,0,0
116,"Answer Choices are: 
a. Image0 matches Caption0 and the image1 matches Caption1
b. Image0 matches Caption1 and the image1 matches Caption0
Specify the correct matching by choosing a or b.",a,quiet,?,0
117,"Answer Choices are: 
a. Image0 matches Caption0 and the image1 matches Caption1
b. Image0 matches Caption1 and the image1 matches Caption0
Specify the correct matching by choosing a or b.",a,Caption0,0,0
118,"Answer Choices are: 
a. Image0 matches Caption0 and the image1 matches Caption1
b. Image0 matches Caption1 and the image1 matches Caption0
Specify the correct matching by choosing a or b.",a,circular wood,?,0
119,"Answer Choices are: 
a. Image0 matches Caption0 and the image1 matches Caption1
b. Image0 matches Caption1 and the image1 matches Caption0
Specify the correct matching by choosing a or b.",a,long,?,0
120,"Answer Choices are: 
a. Image0 matches Caption0 and the image1 matches Caption1
b. Image0 matches Caption1 and the image1 matches Caption0
Specify the correct matching by choosing a or b.",b,Caption0,0,0
121,"Answer Choices are: 
a. Image0 matches Caption0 and the image1 matches Caption1
b. Image0 matches Caption1 and the image1 matches Caption0
Specify the correct matching by choosing a or b.",a,Caption0,0,0
122,"Answer Choices are: 
a. Image0 matches Caption0 and the image1 matches Caption1
b. Image0 matches Caption1 and the image1 matches Caption0
Specify the correct matching by choosing a or b.",b,Caption0,0,0
123,"Answer Choices are: 
a. Image0 matches Caption0 and the image1 matches Caption1
b. Image0 matches Caption1 and the image1 matches Caption0
Specify the correct matching by choosing a or b.",b,Caption0,0,0
124,"Answer Choices are: 
a. Image0 matches Caption0 and the image1 matches Caption1
b. Image0 matches Caption1 and the image1 matches Caption0
Specify the correct matching by choosing a or b.",b,Caption0,0,0
125,"Answer Choices are: 
a. Image0 matches Caption0 and the image1 matches Caption1
b. Image0 matches Caption1 and the image1 matches Caption0
Specify the correct matching by choosing a or b.",b,Caption0,0,0
126,"Answer Choices are: 
a. Image0 matches Caption0 and the image1 matches Caption1
b. Image0 matches Caption1 and the image1 matches Caption0
Specify the correct matching by choosing a or b.",a,curly hair,?,0
127,"Answer Choices are: 
a. Image0 matches Caption0 and the image1 matches Caption1
b. Image0 matches Caption1 and the image1 matches Caption0
Specify the correct matching by choosing a or b.",b,Caption0,0,0
128,"Answer Choices are: 
a. Image0 matches Caption0 and the image1 matches Caption1
b. Image0 matches Caption1 and the image1 matches Caption0
Specify the correct matching by choosing a or b.",a,Caption0,0,0
129,"Answer Choices are: 
a. Image0 matches Caption0 and the image1 matches Caption1
b. Image0 matches Caption1 and the image1 matches Caption0
Specify the correct matching by choosing a or b.",a,Caption0,0,0
130,"Answer Choices are: 
a. Image0 matches Caption0 and the image1 matches Caption1
b. Image0 matches Caption1 and the image1 matches Caption0
Specify the correct matching by choosing a or b.",b,second,?,0
131,"Answer Choices are: 
a. Image0 matches Caption0 and the image1 matches Caption1
b. Image0 matches Caption1 and the image1 matches Caption0
Specify the correct matching by choosing a or b.",a,"Caption0: milk cow, Caption1: cow milk",?,0
132,"Answer Choices are: 
a. Image0 matches Caption0 and the image1 matches Caption1
b. Image0 matches Caption1 and the image1 matches Caption0
Specify the correct matching by choosing a or b.",b,clock wall,?,0
133,"Answer Choices are: 
a. Image0 matches Caption0 and the image1 matches Caption1
b. Image0 matches Caption1 and the image1 matches Caption0
Specify the correct matching by choosing a or b.",b,banana,?,0
134,"Answer Choices are: 
a. Image0 matches Caption0 and the image1 matches Caption1
b. Image0 matches Caption1 and the image1 matches Caption0
Specify the correct matching by choosing a or b.",b,horses,?,0
135,"Answer Choices are: 
a. Image0 matches Caption0 and the image1 matches Caption1
b. Image0 matches Caption1 and the image1 matches Caption0
Specify the correct matching by choosing a or b.",b,Caption0,0,0
136,"Answer Choices are: 
a. Image0 matches Caption0 and the image1 matches Caption1
b. Image0 matches Caption1 and the image1 matches Caption0
Specify the correct matching by choosing a or b.",a,Caption0,0,0
137,"Answer Choices are: 
a. Image0 matches Caption0 and the image1 matches Caption1
b. Image0 matches Caption1 and the image1 matches Caption0
Specify the correct matching by choosing a or b.",b,Caption0,0,0
138,"Answer Choices are: 
a. Image0 matches Caption0 and the image1 matches Caption1
b. Image0 matches Caption1 and the image1 matches Caption0
Specify the correct matching by choosing a or b.",b,Caption0,0,0
139,"Answer Choices are: 
a. Image0 matches Caption0 and the image1 matches Caption1
b. Image0 matches Caption1 and the image1 matches Caption0
Specify the correct matching by choosing a or b.",b,Caption0,0,0
140,"Answer Choices are: 
a. Image0 matches Caption0 and the image1 matches Caption1
b. Image0 matches Caption1 and the image1 matches Caption0
Specify the correct matching by choosing a or b.",a,Caption0,0,0
141,"Answer Choices are: 
a. Image0 matches Caption0 and the image1 matches Caption1
b. Image0 matches Caption1 and the image1 matches Caption0
Specify the correct matching by choosing a or b.",b,Caption0,0,0
142,"Answer Choices are: 
a. Image0 matches Caption0 and the image1 matches Caption1
b. Image0 matches Caption1 and the image1 matches Caption0
Specify the correct matching by choosing a or b.",b,Caption0,0,0
143,"Answer Choices are: 
a. Image0 matches Caption0 and the image1 matches Caption1
b. Image0 matches Caption1 and the image1 matches Caption0
Specify the correct matching by choosing a or b.",b,there are more hats,?,0
144,"Answer Choices are: 
a. Image0 matches Caption0 and the image1 matches Caption1
b. Image0 matches Caption1 and the image1 matches Caption0
Specify the correct matching by choosing a or b.",a,"Caption0: there are more people than stools, Caption1: there are more stools",?,0
145,"Answer Choices are: 
a. Image0 matches Caption0 and the image1 matches Caption1
b. Image0 matches Caption1 and the image1 matches Caption0
Specify the correct matching by choosing a or b.",a,Caption0,0,0
146,"Answer Choices are: 
a. Image0 matches Caption0 and the image1 matches Caption1
b. Image0 matches Caption1 and the image1 matches Caption0
Specify the correct matching by choosing a or b.",a,milk,?,0
147,"Answer Choices are: 
a. Image0 matches Caption0 and the image1 matches Caption1
b. Image0 matches Caption1 and the image1 matches Caption0
Specify the correct matching by choosing a or b.",b,milk,?,0
148,"Answer Choices are: 
a. Image0 matches Caption0 and the image1 matches Caption1
b. Image0 matches Caption1 and the image1 matches Caption0
Specify the correct matching by choosing a or b.",a,Caption0,0,0
149,"Answer Choices are: 
a. Image0 matches Caption0 and the image1 matches Caption1
b. Image0 matches Caption1 and the image1 matches Caption0
Specify the correct matching by choosing a or b.",b,boat house,?,0
150,"Answer Choices are: 
a. Image0 matches Caption0 and the image1 matches Caption1
b. Image0 matches Caption1 and the image1 matches Caption0
Specify the correct matching by choosing a or b.",a,check,?,0
151,"Answer Choices are: 
a. Image0 matches Caption0 and the image1 matches Caption1
b. Image0 matches Caption1 and the image1 matches Caption0
Specify the correct matching by choosing a or b.",b,Caption0,0,0
152,"Answer Choices are: 
a. Image0 matches Caption0 and the image1 matches Caption1
b. Image0 matches Caption1 and the image1 matches Caption0
Specify the correct matching by choosing a or b.",b,honey,?,0
153,"Answer Choices are: 
a. Image0 matches Caption0 and the image1 matches Caption1
b. Image0 matches Caption1 and the image1 matches Caption0
Specify the correct matching by choosing a or b.",b,Caption0,0,0
154,"Answer Choices are: 
a. Image0 matches Caption0 and the image1 matches Caption1
b. Image0 matches Caption1 and the image1 matches Caption0
Specify the correct matching by choosing a or b.",a,Caption0,0,0
155,"Answer Choices are: 
a. Image0 matches Caption0 and the image1 matches Caption1
b. Image0 matches Caption1 and the image1 matches Caption0
Specify the correct matching by choosing a or b.",b,Caption0,0,0
156,"Answer Choices are: 
a. Image0 matches Caption0 and the image1 matches Caption1
b. Image0 matches Caption1 and the image1 matches Caption0
Specify the correct matching by choosing a or b.",a,Caption0,0,0
157,"Answer Choices are: 
a. Image0 matches Caption0 and the image1 matches Caption1
b. Image0 matches Caption1 and the image1 matches Caption0
Specify the correct matching by choosing a or b.",b,"Caption0: the people are taller than the flowers, Caption1: the flowers are taller",?,0
158,"Answer Choices are: 
a. Image0 matches Caption0 and the image1 matches Caption1
b. Image0 matches Caption1 and the image1 matches Caption0
Specify the correct matching by choosing a or b.",a,Caption0,0,0
159,"Answer Choices are: 
a. Image0 matches Caption0 and the image1 matches Caption1
b. Image0 matches Caption1 and the image1 matches Caption0
Specify the correct matching by choosing a or b.",a,Caption0,0,0
160,"Answer Choices are: 
a. Image0 matches Caption0 and the image1 matches Caption1
b. Image0 matches Caption1 and the image1 matches Caption0
Specify the correct matching by choosing a or b.",b,shorter,?,0
161,"Answer Choices are: 
a. Image0 matches Caption0 and the image1 matches Caption1
b. Image0 matches Caption1 and the image1 matches Caption0
Specify the correct matching by choosing a or b.",a,Caption0,0,0
162,"Answer Choices are: 
a. Image0 matches Caption0 and the image1 matches Caption1
b. Image0 matches Caption1 and the image1 matches Caption0
Specify the correct matching by choosing a or b.",b,"Caption0: lights underneath a person, Caption1: a person underneath lights",?,0
163,"Answer Choices are: 
a. Image0 matches Caption0 and the image1 matches Caption1
b. Image0 matches Caption1 and the image1 matches Caption0
Specify the correct matching by choosing a or b.",a,green,?,0
164,"Answer Choices are: 
a. Image0 matches Caption0 and the image1 matches Caption1
b. Image0 matches Caption1 and the image1 matches Caption0
Specify the correct matching by choosing a or b.",b,Caption0,0,0
165,"Answer Choices are: 
a. Image0 matches Caption0 and the image1 matches Caption1
b. Image0 matches Caption1 and the image1 matches Caption0
Specify the correct matching by choosing a or b.",a,Caption0,0,0
166,"Answer Choices are: 
a. Image0 matches Caption0 and the image1 matches Caption1
b. Image0 matches Caption1 and the image1 matches Caption0
Specify the correct matching by choosing a or b.",a,Caption0,0,0
167,"Answer Choices are: 
a. Image0 matches Caption0 and the image1 matches Caption1
b. Image0 matches Caption1 and the image1 matches Caption0
Specify the correct matching by choosing a or b.",b,Caption0,0,0
168,"Answer Choices are: 
a. Image0 matches Caption0 and the image1 matches Caption1
b. Image0 matches Caption1 and the image1 matches Caption0
Specify the correct matching by choosing a or b.",b,Caption0,0,0
169,"Answer Choices are: 
a. Image0 matches Caption0 and the image1 matches Caption1
b. Image0 matches Caption1 and the image1 matches Caption0
Specify the correct matching by choosing a or b.",b,blanket,?,0
170,"Answer Choices are: 
a. Image0 matches Caption0 and the image1 matches Caption1
b. Image0 matches Caption1 and the image1 matches Caption0
Specify the correct matching by choosing a or b.",a,bigger,?,0
171,"Answer Choices are: 
a. Image0 matches Caption0 and the image1 matches Caption1
b. Image0 matches Caption1 and the image1 matches Caption0
Specify the correct matching by choosing a or b.",b,Caption0,0,0
172,"Answer Choices are: 
a. Image0 matches Caption0 and the image1 matches Caption1
b. Image0 matches Caption1 and the image1 matches Caption0
Specify the correct matching by choosing a or b.",b,plastic,?,0
173,"Answer Choices are: 
a. Image0 matches Caption0 and the image1 matches Caption1
b. Image0 matches Caption1 and the image1 matches Caption0
Specify the correct matching by choosing a or b.",a,apple,?,0
174,"Answer Choices are: 
a. Image0 matches Caption0 and the image1 matches Caption1
b. Image0 matches Caption1 and the image1 matches Caption0
Specify the correct matching by choosing a or b.",b,light bulb,?,0
175,"Answer Choices are: 
a. Image0 matches Caption0 and the image1 matches Caption1
b. Image0 matches Caption1 and the image1 matches Caption0
Specify the correct matching by choosing a or b.",a,Caption0,0,0
176,"Answer Choices are: 
a. Image0 matches Caption0 and the image1 matches Caption1
b. Image0 matches Caption1 and the image1 matches Caption0
Specify the correct matching by choosing a or b.",b,Caption0,0,0
177,"Answer Choices are: 
a. Image0 matches Caption0 and the image1 matches Caption1
b. Image0 matches Caption1 and the image1 matches Caption0
Specify the correct matching by choosing a or b.",a,Caption0,0,0
178,"Answer Choices are: 
a. Image0 matches Caption0 and the image1 matches Caption1
b. Image0 matches Caption1 and the image1 matches Caption0
Specify the correct matching by choosing a or b.",a,Caption0,0,0
179,"Answer Choices are: 
a. Image0 matches Caption0 and the image1 matches Caption1
b. Image0 matches Caption1 and the image1 matches Caption0
Specify the correct matching by choosing a or b.",b,Caption0,0,0
180,"Answer Choices are: 
a. Image0 matches Caption0 and the image1 matches Caption1
b. Image0 matches Caption1 and the image1 matches Caption0
Specify the correct matching by choosing a or b.",b,"Caption0: the baby is next to an adult on the phone, Caption1: the baby on the phone is next to an adult",?,0
181,"Answer Choices are: 
a. Image0 matches Caption0 and the image1 matches Caption1
b. Image0 matches Caption1 and the image1 matches Caption0
Specify the correct matching by choosing a or b.",a,Caption0,0,0
182,"Answer Choices are: 
a. Image0 matches Caption0 and the image1 matches Caption1
b. Image0 matches Caption1 and the image1 matches Caption0
Specify the correct matching by choosing a or b.",b,Caption0,0,0
183,"Answer Choices are: 
a. Image0 matches Caption0 and the image1 matches Caption1
b. Image0 matches Caption1 and the image1 matches Caption0
Specify the correct matching by choosing a or b.",a,Caption0,0,0
184,"Answer Choices are: 
a. Image0 matches Caption0 and the image1 matches Caption1
b. Image0 matches Caption1 and the image1 matches Caption0
Specify the correct matching by choosing a or b.",a,top,?,0
185,"Answer Choices are: 
a. Image0 matches Caption0 and the image1 matches Caption1
b. Image0 matches Caption1 and the image1 matches Caption0
Specify the correct matching by choosing a or b.",b,"Caption0: the glasses on the left are fuller than the glasses on the right, Caption1",?,0
186,"Answer Choices are: 
a. Image0 matches Caption0 and the image1 matches Caption1
b. Image0 matches Caption1 and the image1 matches Caption0
Specify the correct matching by choosing a or b.",b,Caption0,0,0
187,"Answer Choices are: 
a. Image0 matches Caption0 and the image1 matches Caption1
b. Image0 matches Caption1 and the image1 matches Caption0
Specify the correct matching by choosing a or b.",a,Caption0,0,0
188,"Answer Choices are: 
a. Image0 matches Caption0 and the image1 matches Caption1
b. Image0 matches Caption1 and the image1 matches Caption0
Specify the correct matching by choosing a or b.",a,Caption0,0,0
189,"Answer Choices are: 
a. Image0 matches Caption0 and the image1 matches Caption1
b. Image0 matches Caption1 and the image1 matches Caption0
Specify the correct matching by choosing a or b.",b,water,?,0
190,"Answer Choices are: 
a. Image0 matches Caption0 and the image1 matches Caption1
b. Image0 matches Caption1 and the image1 matches Caption0
Specify the correct matching by choosing a or b.",b,Caption0,0,0
191,"Answer Choices are: 
a. Image0 matches Caption0 and the image1 matches Caption1
b. Image0 matches Caption1 and the image1 matches Caption0
Specify the correct matching by choosing a or b.",a,Caption0,0,0
192,"Answer Choices are: 
a. Image0 matches Caption0 and the image1 matches Caption1
b. Image0 matches Caption1 and the image1 matches Caption0
Specify the correct matching by choosing a or b.",a,washed,?,0
193,"Answer Choices are: 
a. Image0 matches Caption0 and the image1 matches Caption1
b. Image0 matches Caption1 and the image1 matches Caption0
Specify the correct matching by choosing a or b.",a,Caption0,0,0
194,"Answer Choices are: 
a. Image0 matches Caption0 and the image1 matches Caption1
b. Image0 matches Caption1 and the image1 matches Caption0
Specify the correct matching by choosing a or b.",a,swimming,?,0
195,"Answer Choices are: 
a. Image0 matches Caption0 and the image1 matches Caption1
b. Image0 matches Caption1 and the image1 matches Caption0
Specify the correct matching by choosing a or b.",a,Caption0,0,0
196,"Answer Choices are: 
a. Image0 matches Caption0 and the image1 matches Caption1
b. Image0 matches Caption1 and the image1 matches Caption0
Specify the correct matching by choosing a or b.",a,Caption0,0,0
197,"Answer Choices are: 
a. Image0 matches Caption0 and the image1 matches Caption1
b. Image0 matches Caption1 and the image1 matches Caption0
Specify the correct matching by choosing a or b.",b,Caption1,0,0
198,"Answer Choices are: 
a. Image0 matches Caption0 and the image1 matches Caption1
b. Image0 matches Caption1 and the image1 matches Caption0
Specify the correct matching by choosing a or b.",b,Caption0,0,0
199,"Answer Choices are: 
a. Image0 matches Caption0 and the image1 matches Caption1
b. Image0 matches Caption1 and the image1 matches Caption0
Specify the correct matching by choosing a or b.",a,gray,?,0
200,"Answer Choices are: 
a. Image0 matches Caption0 and the image1 matches Caption1
b. Image0 matches Caption1 and the image1 matches Caption0
Specify the correct matching by choosing a or b.",a,Caption0,0,0
201,"Answer Choices are: 
a. Image0 matches Caption0 and the image1 matches Caption1
b. Image0 matches Caption1 and the image1 matches Caption0
Specify the correct matching by choosing a or b.",a,pink,?,0
202,"Answer Choices are: 
a. Image0 matches Caption0 and the image1 matches Caption1
b. Image0 matches Caption1 and the image1 matches Caption0
Specify the correct matching by choosing a or b.",b,Caption0,0,0
203,"Answer Choices are: 
a. Image0 matches Caption0 and the image1 matches Caption1
b. Image0 matches Caption1 and the image1 matches Caption0
Specify the correct matching by choosing a or b.",b,blue,?,0
204,"Answer Choices are: 
a. Image0 matches Caption0 and the image1 matches Caption1
b. Image0 matches Caption1 and the image1 matches Caption0
Specify the correct matching by choosing a or b.",b,Caption0,0,0
205,"Answer Choices are: 
a. Image0 matches Caption0 and the image1 matches Caption1
b. Image0 matches Caption1 and the image1 matches Caption0
Specify the correct matching by choosing a or b.",b,Caption0,0,0
206,"Answer Choices are: 
a. Image0 matches Caption0 and the image1 matches Caption1
b. Image0 matches Caption1 and the image1 matches Caption0
Specify the correct matching by choosing a or b.",a,Caption0,0,0
207,"Answer Choices are: 
a. Image0 matches Caption0 and the image1 matches Caption1
b. Image0 matches Caption1 and the image1 matches Caption0
Specify the correct matching by choosing a or b.",b,Caption0,0,0
208,"Answer Choices are: 
a. Image0 matches Caption0 and the image1 matches Caption1
b. Image0 matches Caption1 and the image1 matches Caption0
Specify the correct matching by choosing a or b.",b,"Caption0: black land and white water, Caption1: white land and black water",?,0
209,"Answer Choices are: 
a. Image0 matches Caption0 and the image1 matches Caption1
b. Image0 matches Caption1 and the image1 matches Caption0
Specify the correct matching by choosing a or b.",a,Caption0,0,0
210,"Answer Choices are: 
a. Image0 matches Caption0 and the image1 matches Caption1
b. Image0 matches Caption1 and the image1 matches Caption0
Specify the correct matching by choosing a or b.",a,Caption0,0,0
211,"Answer Choices are: 
a. Image0 matches Caption0 and the image1 matches Caption1
b. Image0 matches Caption1 and the image1 matches Caption0
Specify the correct matching by choosing a or b.",b,pears,?,0
212,"Answer Choices are: 
a. Image0 matches Caption0 and the image1 matches Caption1
b. Image0 matches Caption1 and the image1 matches Caption0
Specify the correct matching by choosing a or b.",a,Caption0,0,0
213,"Answer Choices are: 
a. Image0 matches Caption0 and the image1 matches Caption1
b. Image0 matches Caption1 and the image1 matches Caption0
Specify the correct matching by choosing a or b.",a,Caption0,0,0
214,"Answer Choices are: 
a. Image0 matches Caption0 and the image1 matches Caption1
b. Image0 matches Caption1 and the image1 matches Caption0
Specify the correct matching by choosing a or b.",b,Caption0,0,0
215,"Answer Choices are: 
a. Image0 matches Caption0 and the image1 matches Caption1
b. Image0 matches Caption1 and the image1 matches Caption0
Specify the correct matching by choosing a or b.",b,Caption0,0,0
216,"Answer Choices are: 
a. Image0 matches Caption0 and the image1 matches Caption1
b. Image0 matches Caption1 and the image1 matches Caption0
Specify the correct matching by choosing a or b.",a,Caption0,0,0
217,"Answer Choices are: 
a. Image0 matches Caption0 and the image1 matches Caption1
b. Image0 matches Caption1 and the image1 matches Caption0
Specify the correct matching by choosing a or b.",b,faster,?,0
218,"Answer Choices are: 
a. Image0 matches Caption0 and the image1 matches Caption1
b. Image0 matches Caption1 and the image1 matches Caption0
Specify the correct matching by choosing a or b.",b,vinegar,?,0
219,"Answer Choices are: 
a. Image0 matches Caption0 and the image1 matches Caption1
b. Image0 matches Caption1 and the image1 matches Caption0
Specify the correct matching by choosing a or b.",b,"Z""",?,0
220,"Answer Choices are: 
a. Image0 matches Caption0 and the image1 matches Caption1
b. Image0 matches Caption1 and the image1 matches Caption0
Specify the correct matching by choosing a or b.",b,Caption0,0,0
221,"Answer Choices are: 
a. Image0 matches Caption0 and the image1 matches Caption1
b. Image0 matches Caption1 and the image1 matches Caption0
Specify the correct matching by choosing a or b.",a,Caption0,0,0
222,"Answer Choices are: 
a. Image0 matches Caption0 and the image1 matches Caption1
b. Image0 matches Caption1 and the image1 matches Caption0
Specify the correct matching by choosing a or b.",a,"Caption0: I need my strength back, Caption1: I need my back strength",?,0
223,"Answer Choices are: 
a. Image0 matches Caption0 and the image1 matches Caption1
b. Image0 matches Caption1 and the image1 matches Caption0
Specify the correct matching by choosing a or b.",a,taller,?,0
224,"Answer Choices are: 
a. Image0 matches Caption0 and the image1 matches Caption1
b. Image0 matches Caption1 and the image1 matches Caption0
Specify the correct matching by choosing a or b.",a,Caption0,0,0
225,"Answer Choices are: 
a. Image0 matches Caption0 and the image1 matches Caption1
b. Image0 matches Caption1 and the image1 matches Caption0
Specify the correct matching by choosing a or b.",a,Caption0,0,0
226,"Answer Choices are: 
a. Image0 matches Caption0 and the image1 matches Caption1
b. Image0 matches Caption1 and the image1 matches Caption0
Specify the correct matching by choosing a or b.",b,top,?,0
227,"Answer Choices are: 
a. Image0 matches Caption0 and the image1 matches Caption1
b. Image0 matches Caption1 and the image1 matches Caption0
Specify the correct matching by choosing a or b.",b,wood,?,0
228,"Answer Choices are: 
a. Image0 matches Caption0 and the image1 matches Caption1
b. Image0 matches Caption1 and the image1 matches Caption0
Specify the correct matching by choosing a or b.",a,Caption0,0,0
229,"Answer Choices are: 
a. Image0 matches Caption0 and the image1 matches Caption1
b. Image0 matches Caption1 and the image1 matches Caption0
Specify the correct matching by choosing a or b.",b,Caption0,0,0
230,"Answer Choices are: 
a. Image0 matches Caption0 and the image1 matches Caption1
b. Image0 matches Caption1 and the image1 matches Caption0
Specify the correct matching by choosing a or b.",b,Caption0,0,0
231,"Answer Choices are: 
a. Image0 matches Caption0 and the image1 matches Caption1
b. Image0 matches Caption1 and the image1 matches Caption0
Specify the correct matching by choosing a or b.",b,Caption0,0,0
232,"Answer Choices are: 
a. Image0 matches Caption0 and the image1 matches Caption1
b. Image0 matches Caption1 and the image1 matches Caption0
Specify the correct matching by choosing a or b.",b,blue,?,0
233,"Answer Choices are: 
a. Image0 matches Caption0 and the image1 matches Caption1
b. Image0 matches Caption1 and the image1 matches Caption0
Specify the correct matching by choosing a or b.",b,Caption0,0,0
234,"Answer Choices are: 
a. Image0 matches Caption0 and the image1 matches Caption1
b. Image0 matches Caption1 and the image1 matches Caption0
Specify the correct matching by choosing a or b.",a,Caption0,0,0
235,"Answer Choices are: 
a. Image0 matches Caption0 and the image1 matches Caption1
b. Image0 matches Caption1 and the image1 matches Caption0
Specify the correct matching by choosing a or b.",a,Caption0,0,0
236,"Answer Choices are: 
a. Image0 matches Caption0 and the image1 matches Caption1
b. Image0 matches Caption1 and the image1 matches Caption0
Specify the correct matching by choosing a or b.",b,Caption0,0,0
237,"Answer Choices are: 
a. Image0 matches Caption0 and the image1 matches Caption1
b. Image0 matches Caption1 and the image1 matches Caption0
Specify the correct matching by choosing a or b.",b,overboard,?,0
238,"Answer Choices are: 
a. Image0 matches Caption0 and the image1 matches Caption1
b. Image0 matches Caption1 and the image1 matches Caption0
Specify the correct matching by choosing a or b.",b,blue,?,0
239,"Answer Choices are: 
a. Image0 matches Caption0 and the image1 matches Caption1
b. Image0 matches Caption1 and the image1 matches Caption0
Specify the correct matching by choosing a or b.",a,red,?,0
240,"Answer Choices are: 
a. Image0 matches Caption0 and the image1 matches Caption1
b. Image0 matches Caption1 and the image1 matches Caption0
Specify the correct matching by choosing a or b.",b,top,?,0
241,"Answer Choices are: 
a. Image0 matches Caption0 and the image1 matches Caption1
b. Image0 matches Caption1 and the image1 matches Caption0
Specify the correct matching by choosing a or b.",a,Caption1,0,0
242,"Answer Choices are: 
a. Image0 matches Caption0 and the image1 matches Caption1
b. Image0 matches Caption1 and the image1 matches Caption0
Specify the correct matching by choosing a or b.",b,Caption0,0,0
243,"Answer Choices are: 
a. Image0 matches Caption0 and the image1 matches Caption1
b. Image0 matches Caption1 and the image1 matches Caption0
Specify the correct matching by choosing a or b.",b,Caption0,0,0
244,"Answer Choices are: 
a. Image0 matches Caption0 and the image1 matches Caption1
b. Image0 matches Caption1 and the image1 matches Caption0
Specify the correct matching by choosing a or b.",a,Caption0,0,0
245,"Answer Choices are: 
a. Image0 matches Caption0 and the image1 matches Caption1
b. Image0 matches Caption1 and the image1 matches Caption0
Specify the correct matching by choosing a or b.",b,Caption0,0,0
246,"Answer Choices are: 
a. Image0 matches Caption0 and the image1 matches Caption1
b. Image0 matches Caption1 and the image1 matches Caption0
Specify the correct matching by choosing a or b.",a,Caption0,0,0
247,"Answer Choices are: 
a. Image0 matches Caption0 and the image1 matches Caption1
b. Image0 matches Caption1 and the image1 matches Caption0
Specify the correct matching by choosing a or b.",a,Caption0,0,0
248,"Answer Choices are: 
a. Image0 matches Caption0 and the image1 matches Caption1
b. Image0 matches Caption1 and the image1 matches Caption0
Specify the correct matching by choosing a or b.",b,Caption0,0,0
249,"Answer Choices are: 
a. Image0 matches Caption0 and the image1 matches Caption1
b. Image0 matches Caption1 and the image1 matches Caption0
Specify the correct matching by choosing a or b.",a,cream,?,0
250,"Answer Choices are: 
a. Image0 matches Caption0 and the image1 matches Caption1
b. Image0 matches Caption1 and the image1 matches Caption0
Specify the correct matching by choosing a or b.",a,kisses,?,0
251,"Answer Choices are: 
a. Image0 matches Caption0 and the image1 matches Caption1
b. Image0 matches Caption1 and the image1 matches Caption0
Specify the correct matching by choosing a or b.",a,flamingo,?,0
252,"Answer Choices are: 
a. Image0 matches Caption0 and the image1 matches Caption1
b. Image0 matches Caption1 and the image1 matches Caption0
Specify the correct matching by choosing a or b.",a,pink beak,?,0
253,"Answer Choices are: 
a. Image0 matches Caption0 and the image1 matches Caption1
b. Image0 matches Caption1 and the image1 matches Caption0
Specify the correct matching by choosing a or b.",a,pink,?,0
254,"Answer Choices are: 
a. Image0 matches Caption0 and the image1 matches Caption1
b. Image0 matches Caption1 and the image1 matches Caption0
Specify the correct matching by choosing a or b.",a,"Caption0: there are more eyes in the image than there are on a typical human, Caption1",?,0
255,"Answer Choices are: 
a. Image0 matches Caption0 and the image1 matches Caption1
b. Image0 matches Caption1 and the image1 matches Caption0
Specify the correct matching by choosing a or b.",a,over their jacket,?,0
256,"Answer Choices are: 
a. Image0 matches Caption0 and the image1 matches Caption1
b. Image0 matches Caption1 and the image1 matches Caption0
Specify the correct matching by choosing a or b.",a,Caption0,0,0
257,"Answer Choices are: 
a. Image0 matches Caption0 and the image1 matches Caption1
b. Image0 matches Caption1 and the image1 matches Caption0
Specify the correct matching by choosing a or b.",b,Caption0,0,0
258,"Answer Choices are: 
a. Image0 matches Caption0 and the image1 matches Caption1
b. Image0 matches Caption1 and the image1 matches Caption0
Specify the correct matching by choosing a or b.",b,empty,?,0
259,"Answer Choices are: 
a. Image0 matches Caption0 and the image1 matches Caption1
b. Image0 matches Caption1 and the image1 matches Caption0
Specify the correct matching by choosing a or b.",a,Caption0,0,0
260,"Answer Choices are: 
a. Image0 matches Caption0 and the image1 matches Caption1
b. Image0 matches Caption1 and the image1 matches Caption0
Specify the correct matching by choosing a or b.",b,Caption0,0,0
261,"Answer Choices are: 
a. Image0 matches Caption0 and the image1 matches Caption1
b. Image0 matches Caption1 and the image1 matches Caption0
Specify the correct matching by choosing a or b.",b,blue,?,0
262,"Answer Choices are: 
a. Image0 matches Caption0 and the image1 matches Caption1
b. Image0 matches Caption1 and the image1 matches Caption0
Specify the correct matching by choosing a or b.",b,Caption0,0,0
263,"Answer Choices are: 
a. Image0 matches Caption0 and the image1 matches Caption1
b. Image0 matches Caption1 and the image1 matches Caption0
Specify the correct matching by choosing a or b.",a,Caption0,0,0
264,"Answer Choices are: 
a. Image0 matches Caption0 and the image1 matches Caption1
b. Image0 matches Caption1 and the image1 matches Caption0
Specify the correct matching by choosing a or b.",a,gloves,?,0
265,"Answer Choices are: 
a. Image0 matches Caption0 and the image1 matches Caption1
b. Image0 matches Caption1 and the image1 matches Caption0
Specify the correct matching by choosing a or b.",a,pineapples,?,0
266,"Answer Choices are: 
a. Image0 matches Caption0 and the image1 matches Caption1
b. Image0 matches Caption1 and the image1 matches Caption0
Specify the correct matching by choosing a or b.",a,blue,?,0
267,"Answer Choices are: 
a. Image0 matches Caption0 and the image1 matches Caption1
b. Image0 matches Caption1 and the image1 matches Caption0
Specify the correct matching by choosing a or b.",a,N,?,0
268,"Answer Choices are: 
a. Image0 matches Caption0 and the image1 matches Caption1
b. Image0 matches Caption1 and the image1 matches Caption0
Specify the correct matching by choosing a or b.",a,Caption0,0,0
269,"Answer Choices are: 
a. Image0 matches Caption0 and the image1 matches Caption1
b. Image0 matches Caption1 and the image1 matches Caption0
Specify the correct matching by choosing a or b.",a,black,?,0
270,"Answer Choices are: 
a. Image0 matches Caption0 and the image1 matches Caption1
b. Image0 matches Caption1 and the image1 matches Caption0
Specify the correct matching by choosing a or b.",b,Caption0,0,0
271,"Answer Choices are: 
a. Image0 matches Caption0 and the image1 matches Caption1
b. Image0 matches Caption1 and the image1 matches Caption0
Specify the correct matching by choosing a or b.",a,Caption0,0,0
272,"Answer Choices are: 
a. Image0 matches Caption0 and the image1 matches Caption1
b. Image0 matches Caption1 and the image1 matches Caption0
Specify the correct matching by choosing a or b.",b,Caption0,0,0
273,"Answer Choices are: 
a. Image0 matches Caption0 and the image1 matches Caption1
b. Image0 matches Caption1 and the image1 matches Caption0
Specify the correct matching by choosing a or b.",b,Caption0,0,0
274,"Answer Choices are: 
a. Image0 matches Caption0 and the image1 matches Caption1
b. Image0 matches Caption1 and the image1 matches Caption0
Specify the correct matching by choosing a or b.",b,Caption0,0,0
275,"Answer Choices are: 
a. Image0 matches Caption0 and the image1 matches Caption1
b. Image0 matches Caption1 and the image1 matches Caption0
Specify the correct matching by choosing a or b.",b,death,?,0
276,"Answer Choices are: 
a. Image0 matches Caption0 and the image1 matches Caption1
b. Image0 matches Caption1 and the image1 matches Caption0
Specify the correct matching by choosing a or b.",a,Caption0,0,0
277,"Answer Choices are: 
a. Image0 matches Caption0 and the image1 matches Caption1
b. Image0 matches Caption1 and the image1 matches Caption0
Specify the correct matching by choosing a or b.",a,happy,?,0
278,"Answer Choices are: 
a. Image0 matches Caption0 and the image1 matches Caption1
b. Image0 matches Caption1 and the image1 matches Caption0
Specify the correct matching by choosing a or b.",b,Caption0,0,0
279,"Answer Choices are: 
a. Image0 matches Caption0 and the image1 matches Caption1
b. Image0 matches Caption1 and the image1 matches Caption0
Specify the correct matching by choosing a or b.",b,Caption0,0,0
280,"Answer Choices are: 
a. Image0 matches Caption0 and the image1 matches Caption1
b. Image0 matches Caption1 and the image1 matches Caption0
Specify the correct matching by choosing a or b.",a,"Caption0: the large person is drinking from the small coffee cup, Caption1: the small person is drinking from the large coffee cup",?,0
281,"Answer Choices are: 
a. Image0 matches Caption0 and the image1 matches Caption1
b. Image0 matches Caption1 and the image1 matches Caption0
Specify the correct matching by choosing a or b.",a,Caption0,0,0
282,"Answer Choices are: 
a. Image0 matches Caption0 and the image1 matches Caption1
b. Image0 matches Caption1 and the image1 matches Caption0
Specify the correct matching by choosing a or b.",a,one,?,0
283,"Answer Choices are: 
a. Image0 matches Caption0 and the image1 matches Caption1
b. Image0 matches Caption1 and the image1 matches Caption0
Specify the correct matching by choosing a or b.",b,Caption0,0,0
284,"Answer Choices are: 
a. Image0 matches Caption0 and the image1 matches Caption1
b. Image0 matches Caption1 and the image1 matches Caption0
Specify the correct matching by choosing a or b.",a,comparatively fast,?,0
285,"Answer Choices are: 
a. Image0 matches Caption0 and the image1 matches Caption1
b. Image0 matches Caption1 and the image1 matches Caption0
Specify the correct matching by choosing a or b.",b,balls,?,0
286,"Answer Choices are: 
a. Image0 matches Caption0 and the image1 matches Caption1
b. Image0 matches Caption1 and the image1 matches Caption0
Specify the correct matching by choosing a or b.",b,"Caption0: there are more wheels than legs, Caption1: there are more legs than wheels",?,0
287,"Answer Choices are: 
a. Image0 matches Caption0 and the image1 matches Caption1
b. Image0 matches Caption1 and the image1 matches Caption0
Specify the correct matching by choosing a or b.",a,"Caption0: a group of three people with longer hair and two with short hair in a business context, Caption1: a group of two people with longer hair and three with short hair in a business context",?,0
288,"Answer Choices are: 
a. Image0 matches Caption0 and the image1 matches Caption1
b. Image0 matches Caption1 and the image1 matches Caption0
Specify the correct matching by choosing a or b.",a,Caption0,0,0
289,"Answer Choices are: 
a. Image0 matches Caption0 and the image1 matches Caption1
b. Image0 matches Caption1 and the image1 matches Caption0
Specify the correct matching by choosing a or b.",a,"Caption0: the circle is above the cross, Caption1: the cross is above the circle",?,0
290,"Answer Choices are: 
a. Image0 matches Caption0 and the image1 matches Caption1
b. Image0 matches Caption1 and the image1 matches Caption0
Specify the correct matching by choosing a or b.",a,Caption0,0,0
291,"Answer Choices are: 
a. Image0 matches Caption0 and the image1 matches Caption1
b. Image0 matches Caption1 and the image1 matches Caption0
Specify the correct matching by choosing a or b.",b,pink,?,0
292,"Answer Choices are: 
a. Image0 matches Caption0 and the image1 matches Caption1
b. Image0 matches Caption1 and the image1 matches Caption0
Specify the correct matching by choosing a or b.",a,shoes,?,0
293,"Answer Choices are: 
a. Image0 matches Caption0 and the image1 matches Caption1
b. Image0 matches Caption1 and the image1 matches Caption0
Specify the correct matching by choosing a or b.",a,Caption0,0,0
294,"Answer Choices are: 
a. Image0 matches Caption0 and the image1 matches Caption1
b. Image0 matches Caption1 and the image1 matches Caption0
Specify the correct matching by choosing a or b.",a,rough,?,0
295,"Answer Choices are: 
a. Image0 matches Caption0 and the image1 matches Caption1
b. Image0 matches Caption1 and the image1 matches Caption0
Specify the correct matching by choosing a or b.",a,cold,?,0
296,"Answer Choices are: 
a. Image0 matches Caption0 and the image1 matches Caption1
b. Image0 matches Caption1 and the image1 matches Caption0
Specify the correct matching by choosing a or b.",a,Caption0,0,0
297,"Answer Choices are: 
a. Image0 matches Caption0 and the image1 matches Caption1
b. Image0 matches Caption1 and the image1 matches Caption0
Specify the correct matching by choosing a or b.",a,Caption0,0,0
298,"Answer Choices are: 
a. Image0 matches Caption0 and the image1 matches Caption1
b. Image0 matches Caption1 and the image1 matches Caption0
Specify the correct matching by choosing a or b.",b,Caption0,0,0
299,"Answer Choices are: 
a. Image0 matches Caption0 and the image1 matches Caption1
b. Image0 matches Caption1 and the image1 matches Caption0
Specify the correct matching by choosing a or b.",b,lighter,?,0
300,"Answer Choices are: 
a. Image0 matches Caption0 and the image1 matches Caption1
b. Image0 matches Caption1 and the image1 matches Caption0
Specify the correct matching by choosing a or b.",a,"Caption0: The adult with the magnifying glass looks at the kid, Caption1: The adult looks at the kid with the magnifying glass",?,0
301,"Answer Choices are: 
a. Image0 matches Caption0 and the image1 matches Caption1
b. Image0 matches Caption1 and the image1 matches Caption0
Specify the correct matching by choosing a or b.",a,spots,?,0
302,"Answer Choices are: 
a. Image0 matches Caption0 and the image1 matches Caption1
b. Image0 matches Caption1 and the image1 matches Caption0
Specify the correct matching by choosing a or b.",b,birthday,?,0
303,"Answer Choices are: 
a. Image0 matches Caption0 and the image1 matches Caption1
b. Image0 matches Caption1 and the image1 matches Caption0
Specify the correct matching by choosing a or b.",b,"Caption0: The warm-blooded animal isn't happy in cold water, Caption1: The cold-blooded animal isn't happy in warm water",?,0
304,"Answer Choices are: 
a. Image0 matches Caption0 and the image1 matches Caption1
b. Image0 matches Caption1 and the image1 matches Caption0
Specify the correct matching by choosing a or b.",b,Caption0,0,0
305,"Answer Choices are: 
a. Image0 matches Caption0 and the image1 matches Caption1
b. Image0 matches Caption1 and the image1 matches Caption0
Specify the correct matching by choosing a or b.",a,Caption0,0,0
306,"Answer Choices are: 
a. Image0 matches Caption0 and the image1 matches Caption1
b. Image0 matches Caption1 and the image1 matches Caption0
Specify the correct matching by choosing a or b.",a,Caption0,0,0
307,"Answer Choices are: 
a. Image0 matches Caption0 and the image1 matches Caption1
b. Image0 matches Caption1 and the image1 matches Caption0
Specify the correct matching by choosing a or b.",a,Caption0,0,0
308,"Answer Choices are: 
a. Image0 matches Caption0 and the image1 matches Caption1
b. Image0 matches Caption1 and the image1 matches Caption0
Specify the correct matching by choosing a or b.",a,Caption0,0,0
309,"Answer Choices are: 
a. Image0 matches Caption0 and the image1 matches Caption1
b. Image0 matches Caption1 and the image1 matches Caption0
Specify the correct matching by choosing a or b.",a,Caption0,0,0
310,"Answer Choices are: 
a. Image0 matches Caption0 and the image1 matches Caption1
b. Image0 matches Caption1 and the image1 matches Caption0
Specify the correct matching by choosing a or b.",b,leaf,?,0
311,"Answer Choices are: 
a. Image0 matches Caption0 and the image1 matches Caption1
b. Image0 matches Caption1 and the image1 matches Caption0
Specify the correct matching by choosing a or b.",b,Caption0,0,0
312,"Answer Choices are: 
a. Image0 matches Caption0 and the image1 matches Caption1
b. Image0 matches Caption1 and the image1 matches Caption0
Specify the correct matching by choosing a or b.",b,blue,?,0
313,"Answer Choices are: 
a. Image0 matches Caption0 and the image1 matches Caption1
b. Image0 matches Caption1 and the image1 matches Caption0
Specify the correct matching by choosing a or b.",a,Caption0,0,0
314,"Answer Choices are: 
a. Image0 matches Caption0 and the image1 matches Caption1
b. Image0 matches Caption1 and the image1 matches Caption0
Specify the correct matching by choosing a or b.",a,one,?,0
315,"Answer Choices are: 
a. Image0 matches Caption0 and the image1 matches Caption1
b. Image0 matches Caption1 and the image1 matches Caption0
Specify the correct matching by choosing a or b.",b,pants,?,0
316,"Answer Choices are: 
a. Image0 matches Caption0 and the image1 matches Caption1
b. Image0 matches Caption1 and the image1 matches Caption0
Specify the correct matching by choosing a or b.",b,Caption0,0,0
317,"Answer Choices are: 
a. Image0 matches Caption0 and the image1 matches Caption1
b. Image0 matches Caption1 and the image1 matches Caption0
Specify the correct matching by choosing a or b.",a,cheerlearder,?,0
318,"Answer Choices are: 
a. Image0 matches Caption0 and the image1 matches Caption1
b. Image0 matches Caption1 and the image1 matches Caption0
Specify the correct matching by choosing a or b.",a,scarfs,?,0
319,"Answer Choices are: 
a. Image0 matches Caption0 and the image1 matches Caption1
b. Image0 matches Caption1 and the image1 matches Caption0
Specify the correct matching by choosing a or b.",b,Caption0,0,0
320,"Answer Choices are: 
a. Image0 matches Caption0 and the image1 matches Caption1
b. Image0 matches Caption1 and the image1 matches Caption0
Specify the correct matching by choosing a or b.",b,Caption0,0,0
321,"Answer Choices are: 
a. Image0 matches Caption0 and the image1 matches Caption1
b. Image0 matches Caption1 and the image1 matches Caption0
Specify the correct matching by choosing a or b.",a,Caption0,0,0
322,"Answer Choices are: 
a. Image0 matches Caption0 and the image1 matches Caption1
b. Image0 matches Caption1 and the image1 matches Caption0
Specify the correct matching by choosing a or b.",b,cat house,?,0
323,"Answer Choices are: 
a. Image0 matches Caption0 and the image1 matches Caption1
b. Image0 matches Caption1 and the image1 matches Caption0
Specify the correct matching by choosing a or b.",a,gold,?,0
324,"Answer Choices are: 
a. Image0 matches Caption0 and the image1 matches Caption1
b. Image0 matches Caption1 and the image1 matches Caption0
Specify the correct matching by choosing a or b.",b,Caption0,0,0
325,"Answer Choices are: 
a. Image0 matches Caption0 and the image1 matches Caption1
b. Image0 matches Caption1 and the image1 matches Caption0
Specify the correct matching by choosing a or b.",a,Caption0,0,0
326,"Answer Choices are: 
a. Image0 matches Caption0 and the image1 matches Caption1
b. Image0 matches Caption1 and the image1 matches Caption0
Specify the correct matching by choosing a or b.",a,Caption0,0,0
327,"Answer Choices are: 
a. Image0 matches Caption0 and the image1 matches Caption1
b. Image0 matches Caption1 and the image1 matches Caption0
Specify the correct matching by choosing a or b.",b,Caption0,0,0
328,"Answer Choices are: 
a. Image0 matches Caption0 and the image1 matches Caption1
b. Image0 matches Caption1 and the image1 matches Caption0
Specify the correct matching by choosing a or b.",b,sweater,?,0
329,"Answer Choices are: 
a. Image0 matches Caption0 and the image1 matches Caption1
b. Image0 matches Caption1 and the image1 matches Caption0
Specify the correct matching by choosing a or b.",a,Caption0,0,0
330,"Answer Choices are: 
a. Image0 matches Caption0 and the image1 matches Caption1
b. Image0 matches Caption1 and the image1 matches Caption0
Specify the correct matching by choosing a or b.",a,green,?,0
331,"Answer Choices are: 
a. Image0 matches Caption0 and the image1 matches Caption1
b. Image0 matches Caption1 and the image1 matches Caption0
Specify the correct matching by choosing a or b.",b,Caption0,0,0
332,"Answer Choices are: 
a. Image0 matches Caption0 and the image1 matches Caption1
b. Image0 matches Caption1 and the image1 matches Caption0
Specify the correct matching by choosing a or b.",a,Caption0,0,0
333,"Answer Choices are: 
a. Image0 matches Caption0 and the image1 matches Caption1
b. Image0 matches Caption1 and the image1 matches Caption0
Specify the correct matching by choosing a or b.",b,Caption0,0,0
334,"Answer Choices are: 
a. Image0 matches Caption0 and the image1 matches Caption1
b. Image0 matches Caption1 and the image1 matches Caption0
Specify the correct matching by choosing a or b.",a,Caption0,0,0
335,"Answer Choices are: 
a. Image0 matches Caption0 and the image1 matches Caption1
b. Image0 matches Caption1 and the image1 matches Caption0
Specify the correct matching by choosing a or b.",a,Caption0,0,0
336,"Answer Choices are: 
a. Image0 matches Caption0 and the image1 matches Caption1
b. Image0 matches Caption1 and the image1 matches Caption0
Specify the correct matching by choosing a or b.",b,Caption0: a person with long hair is happily ironing a light blue shirt,?,0
337,"Answer Choices are: 
a. Image0 matches Caption0 and the image1 matches Caption1
b. Image0 matches Caption1 and the image1 matches Caption0
Specify the correct matching by choosing a or b.",a,shoes,?,0
338,"Answer Choices are: 
a. Image0 matches Caption0 and the image1 matches Caption1
b. Image0 matches Caption1 and the image1 matches Caption0
Specify the correct matching by choosing a or b.",a,Caption0,0,0
339,"Answer Choices are: 
a. Image0 matches Caption0 and the image1 matches Caption1
b. Image0 matches Caption1 and the image1 matches Caption0
Specify the correct matching by choosing a or b.",a,Caption0,0,0
340,"Answer Choices are: 
a. Image0 matches Caption0 and the image1 matches Caption1
b. Image0 matches Caption1 and the image1 matches Caption0
Specify the correct matching by choosing a or b.",b,Caption0,0,0
341,"Answer Choices are: 
a. Image0 matches Caption0 and the image1 matches Caption1
b. Image0 matches Caption1 and the image1 matches Caption0
Specify the correct matching by choosing a or b.",a,yellow,?,0
342,"Answer Choices are: 
a. Image0 matches Caption0 and the image1 matches Caption1
b. Image0 matches Caption1 and the image1 matches Caption0
Specify the correct matching by choosing a or b.",a,darker,?,0
343,"Answer Choices are: 
a. Image0 matches Caption0 and the image1 matches Caption1
b. Image0 matches Caption1 and the image1 matches Caption0
Specify the correct matching by choosing a or b.",b,Caption0,0,0
344,"Answer Choices are: 
a. Image0 matches Caption0 and the image1 matches Caption1
b. Image0 matches Caption1 and the image1 matches Caption0
Specify the correct matching by choosing a or b.",a,Caption0,0,0
345,"Answer Choices are: 
a. Image0 matches Caption0 and the image1 matches Caption1
b. Image0 matches Caption1 and the image1 matches Caption0
Specify the correct matching by choosing a or b.",a,drill,?,0
346,"Answer Choices are: 
a. Image0 matches Caption0 and the image1 matches Caption1
b. Image0 matches Caption1 and the image1 matches Caption0
Specify the correct matching by choosing a or b.",a,hair,?,0
347,"Answer Choices are: 
a. Image0 matches Caption0 and the image1 matches Caption1
b. Image0 matches Caption1 and the image1 matches Caption0
Specify the correct matching by choosing a or b.",a,Caption0,0,0
348,"Answer Choices are: 
a. Image0 matches Caption0 and the image1 matches Caption1
b. Image0 matches Caption1 and the image1 matches Caption0
Specify the correct matching by choosing a or b.",b,Caption0,0,0
349,"Answer Choices are: 
a. Image0 matches Caption0 and the image1 matches Caption1
b. Image0 matches Caption1 and the image1 matches Caption0
Specify the correct matching by choosing a or b.",b,Caption0,0,0
350,"Answer Choices are: 
a. Image0 matches Caption0 and the image1 matches Caption1
b. Image0 matches Caption1 and the image1 matches Caption0
Specify the correct matching by choosing a or b.",a,Caption0,0,0
351,"Answer Choices are: 
a. Image0 matches Caption0 and the image1 matches Caption1
b. Image0 matches Caption1 and the image1 matches Caption0
Specify the correct matching by choosing a or b.",b,Caption0,0,0
352,"Answer Choices are: 
a. Image0 matches Caption0 and the image1 matches Caption1
b. Image0 matches Caption1 and the image1 matches Caption0
Specify the correct matching by choosing a or b.",b,Caption0,0,0
353,"Answer Choices are: 
a. Image0 matches Caption0 and the image1 matches Caption1
b. Image0 matches Caption1 and the image1 matches Caption0
Specify the correct matching by choosing a or b.",b,Caption0,0,0
354,"Answer Choices are: 
a. Image0 matches Caption0 and the image1 matches Caption1
b. Image0 matches Caption1 and the image1 matches Caption0
Specify the correct matching by choosing a or b.",a,Caption0,0,0
355,"Answer Choices are: 
a. Image0 matches Caption0 and the image1 matches Caption1
b. Image0 matches Caption1 and the image1 matches Caption0
Specify the correct matching by choosing a or b.",a,purple,?,0
356,"Answer Choices are: 
a. Image0 matches Caption0 and the image1 matches Caption1
b. Image0 matches Caption1 and the image1 matches Caption0
Specify the correct matching by choosing a or b.",b,wheelchair,?,0
357,"Answer Choices are: 
a. Image0 matches Caption0 and the image1 matches Caption1
b. Image0 matches Caption1 and the image1 matches Caption0
Specify the correct matching by choosing a or b.",a,Caption0,0,0
358,"Answer Choices are: 
a. Image0 matches Caption0 and the image1 matches Caption1
b. Image0 matches Caption1 and the image1 matches Caption0
Specify the correct matching by choosing a or b.",b,blue,?,0
359,"Answer Choices are: 
a. Image0 matches Caption0 and the image1 matches Caption1
b. Image0 matches Caption1 and the image1 matches Caption0
Specify the correct matching by choosing a or b.",a,yellow,?,0
360,"Answer Choices are: 
a. Image0 matches Caption0 and the image1 matches Caption1
b. Image0 matches Caption1 and the image1 matches Caption0
Specify the correct matching by choosing a or b.",b,Caption0,0,0
361,"Answer Choices are: 
a. Image0 matches Caption0 and the image1 matches Caption1
b. Image0 matches Caption1 and the image1 matches Caption0
Specify the correct matching by choosing a or b.",b,Caption0,0,0
362,"Answer Choices are: 
a. Image0 matches Caption0 and the image1 matches Caption1
b. Image0 matches Caption1 and the image1 matches Caption0
Specify the correct matching by choosing a or b.",a,Caption0,0,0
363,"Answer Choices are: 
a. Image0 matches Caption0 and the image1 matches Caption1
b. Image0 matches Caption1 and the image1 matches Caption0
Specify the correct matching by choosing a or b.",a,Caption0,0,0
364,"Answer Choices are: 
a. Image0 matches Caption0 and the image1 matches Caption1
b. Image0 matches Caption1 and the image1 matches Caption0
Specify the correct matching by choosing a or b.",a,Caption0,0,0
365,"Answer Choices are: 
a. Image0 matches Caption0 and the image1 matches Caption1
b. Image0 matches Caption1 and the image1 matches Caption0
Specify the correct matching by choosing a or b.",a,Caption0,0,0
366,"Answer Choices are: 
a. Image0 matches Caption0 and the image1 matches Caption1
b. Image0 matches Caption1 and the image1 matches Caption0
Specify the correct matching by choosing a or b.",b,Caption0,0,0
367,"Answer Choices are: 
a. Image0 matches Caption0 and the image1 matches Caption1
b. Image0 matches Caption1 and the image1 matches Caption0
Specify the correct matching by choosing a or b.",a,"Caption0: the glasses full of water are above the person's head and leg, Caption1",?,0
368,"Answer Choices are: 
a. Image0 matches Caption0 and the image1 matches Caption1
b. Image0 matches Caption1 and the image1 matches Caption0
Specify the correct matching by choosing a or b.",b,Caption0,0,0
369,"Answer Choices are: 
a. Image0 matches Caption0 and the image1 matches Caption1
b. Image0 matches Caption1 and the image1 matches Caption0
Specify the correct matching by choosing a or b.",b,Caption0,0,0
370,"Answer Choices are: 
a. Image0 matches Caption0 and the image1 matches Caption1
b. Image0 matches Caption1 and the image1 matches Caption0
Specify the correct matching by choosing a or b.",a,Caption0,0,0
371,"Answer Choices are: 
a. Image0 matches Caption0 and the image1 matches Caption1
b. Image0 matches Caption1 and the image1 matches Caption0
Specify the correct matching by choosing a or b.",a,Caption0,0,0
372,"Answer Choices are: 
a. Image0 matches Caption0 and the image1 matches Caption1
b. Image0 matches Caption1 and the image1 matches Caption0
Specify the correct matching by choosing a or b.",a,Caption0,0,0
373,"Answer Choices are: 
a. Image0 matches Caption0 and the image1 matches Caption1
b. Image0 matches Caption1 and the image1 matches Caption0
Specify the correct matching by choosing a or b.",a,Caption0,0,0
374,"Answer Choices are: 
a. Image0 matches Caption0 and the image1 matches Caption1
b. Image0 matches Caption1 and the image1 matches Caption0
Specify the correct matching by choosing a or b.",a,Caption1,0,0
375,"Answer Choices are: 
a. Image0 matches Caption0 and the image1 matches Caption1
b. Image0 matches Caption1 and the image1 matches Caption0
Specify the correct matching by choosing a or b.",b,Caption0,0,0
376,"Answer Choices are: 
a. Image0 matches Caption0 and the image1 matches Caption1
b. Image0 matches Caption1 and the image1 matches Caption0
Specify the correct matching by choosing a or b.",b,lasso,?,0
377,"Answer Choices are: 
a. Image0 matches Caption0 and the image1 matches Caption1
b. Image0 matches Caption1 and the image1 matches Caption0
Specify the correct matching by choosing a or b.",b,Caption0,0,0
378,"Answer Choices are: 
a. Image0 matches Caption0 and the image1 matches Caption1
b. Image0 matches Caption1 and the image1 matches Caption0
Specify the correct matching by choosing a or b.",a,Caption0,0,0
379,"Answer Choices are: 
a. Image0 matches Caption0 and the image1 matches Caption1
b. Image0 matches Caption1 and the image1 matches Caption0
Specify the correct matching by choosing a or b.",b,Caption0,0,0
380,"Answer Choices are: 
a. Image0 matches Caption0 and the image1 matches Caption1
b. Image0 matches Caption1 and the image1 matches Caption0
Specify the correct matching by choosing a or b.",a,Caption0,0,0
381,"Answer Choices are: 
a. Image0 matches Caption0 and the image1 matches Caption1
b. Image0 matches Caption1 and the image1 matches Caption0
Specify the correct matching by choosing a or b.",b,Caption0,0,0
382,"Answer Choices are: 
a. Image0 matches Caption0 and the image1 matches Caption1
b. Image0 matches Caption1 and the image1 matches Caption0
Specify the correct matching by choosing a or b.",b,Caption1,0,0
383,"Answer Choices are: 
a. Image0 matches Caption0 and the image1 matches Caption1
b. Image0 matches Caption1 and the image1 matches Caption0
Specify the correct matching by choosing a or b.",b,Caption0,0,0
384,"Answer Choices are: 
a. Image0 matches Caption0 and the image1 matches Caption1
b. Image0 matches Caption1 and the image1 matches Caption0
Specify the correct matching by choosing a or b.",a,Caption0,0,0
385,"Answer Choices are: 
a. Image0 matches Caption0 and the image1 matches Caption1
b. Image0 matches Caption1 and the image1 matches Caption0
Specify the correct matching by choosing a or b.",b,Caption0,0,0
386,"Answer Choices are: 
a. Image0 matches Caption0 and the image1 matches Caption1
b. Image0 matches Caption1 and the image1 matches Caption0
Specify the correct matching by choosing a or b.",b,Caption1: two versions of one person,?,0
387,"Answer Choices are: 
a. Image0 matches Caption0 and the image1 matches Caption1
b. Image0 matches Caption1 and the image1 matches Caption0
Specify the correct matching by choosing a or b.",a,pink flowers not below the bird with yellow head feathers,?,0
388,"Answer Choices are: 
a. Image0 matches Caption0 and the image1 matches Caption1
b. Image0 matches Caption1 and the image1 matches Caption0
Specify the correct matching by choosing a or b.",a,"Caption1: In a shopping cart, there are two animals that are the different species but are looking in same directions",?,0
389,"Answer Choices are: 
a. Image0 matches Caption0 and the image1 matches Caption1
b. Image0 matches Caption1 and the image1 matches Caption0
Specify the correct matching by choosing a or b.",b,Caption0,0,0
390,"Answer Choices are: 
a. Image0 matches Caption0 and the image1 matches Caption1
b. Image0 matches Caption1 and the image1 matches Caption0
Specify the correct matching by choosing a or b.",b,Caption0,0,0
391,"Answer Choices are: 
a. Image0 matches Caption0 and the image1 matches Caption1
b. Image0 matches Caption1 and the image1 matches Caption0
Specify the correct matching by choosing a or b.",b,collar,?,0
392,"Answer Choices are: 
a. Image0 matches Caption0 and the image1 matches Caption1
b. Image0 matches Caption1 and the image1 matches Caption0
Specify the correct matching by choosing a or b.",b,Caption0,0,0
393,"Answer Choices are: 
a. Image0 matches Caption0 and the image1 matches Caption1
b. Image0 matches Caption1 and the image1 matches Caption0
Specify the correct matching by choosing a or b.",b,Caption0,0,0
394,"Answer Choices are: 
a. Image0 matches Caption0 and the image1 matches Caption1
b. Image0 matches Caption1 and the image1 matches Caption0
Specify the correct matching by choosing a or b.",b,"Caption0: on feet standing, Caption1: standing on feet",?,0
395,"Answer Choices are: 
a. Image0 matches Caption0 and the image1 matches Caption1
b. Image0 matches Caption1 and the image1 matches Caption0
Specify the correct matching by choosing a or b.",b,Caption0,0,0
396,"Answer Choices are: 
a. Image0 matches Caption0 and the image1 matches Caption1
b. Image0 matches Caption1 and the image1 matches Caption0
Specify the correct matching by choosing a or b.",a,sides,?,0
397,"Answer Choices are: 
a. Image0 matches Caption0 and the image1 matches Caption1
b. Image0 matches Caption1 and the image1 matches Caption0
Specify the correct matching by choosing a or b.",a,"Caption0: a large living thing in front of a large non-living thing, Caption1: a large non-living thing in front of a large living thing",?,0
398,"Answer Choices are: 
a. Image0 matches Caption0 and the image1 matches Caption1
b. Image0 matches Caption1 and the image1 matches Caption0
Specify the correct matching by choosing a or b.",a,Caption0,0,0
399,"Answer Choices are: 
a. Image0 matches Caption0 and the image1 matches Caption1
b. Image0 matches Caption1 and the image1 matches Caption0
Specify the correct matching by choosing a or b.",a,Caption0,0,0
