index,fileid,qid,question,origanswer,generatedanswer,correctness
0,27,9707632,Choose the correct order of the events?,3,0,0
1,27,9707698,Choose the correct order of the events?,3,1,0
2,27,9707838,Choose the correct order of the events?,3,0,0
3,27,9707844,Choose the correct order of the events?,3,1,0
4,27,9707855,Choose the correct order of the events?,2,0,0
5,27,9707911,Choose the correct order of the events?,1,0,0
6,27,9708055,Choose the correct order of the events?,0,2,0
7,27,9708137,Choose the correct order of the events?,2,0,0
8,27,9708278,Choose the correct order of the events?,2,1,0
9,27,9708285,Choose the correct order of the events?,2,2,1
10,27,9708317,Choose the correct order of the events?,3,0,0
11,27,9708357,Choose the correct order of the events?,0,1,0
12,27,9708390,Choose the correct order of the events?,1,3,0
13,27,9708418,Choose the correct order of the events?,2,0,0
14,27,9708508,Choose the correct order of the events?,0,3,0
15,27,970870,Choose the correct order of the events?,3,3,1
16,27,9708801,Choose the correct order of the events?,3,0,0
17,27,9708843,Choose the correct order of the events?,1,0,0
18,27,9708881,Choose the correct order of the events?,0,2,0
19,27,9708886,Choose the correct order of the events?,0,3,0
20,27,9708905,Choose the correct order of the events?,0,1,0
21,27,9709047,Choose the correct order of the events?,0,1,0
22,27,9709085,Choose the correct order of the events?,2,3,0
23,27,9709175,Choose the correct order of the events?,1,1,1
24,27,9709332,Choose the correct order of the events?,2,3,0
25,27,97094,Choose the correct order of the events?,3,1,0
26,27,9710440,Choose the correct order of the events?,2,0,0
27,27,9710458,Choose the correct order of the events?,2,2,1
28,27,9710496,Choose the correct order of the events?,3,2,0
29,27,9710675,Choose the correct order of the events?,3,0,0
30,27,9710712,Choose the correct order of the events?,0,1,0
31,27,9710765,Choose the correct order of the events?,0,0,1
32,27,9710768,Choose the correct order of the events?,3,0,0
33,27,9710940,Choose the correct order of the events?,1,1,1
34,27,9710974,Choose the correct order of the events?,1,2,0
35,27,9711208,Choose the correct order of the events?,1,0,0
36,27,9711372,Choose the correct order of the events?,2,2,1
37,27,9711577,Choose the correct order of the events?,3,3,1
38,27,9712313,Choose the correct order of the events?,0,2,0
39,27,9712,Choose the correct order of the events?,1,0,0
40,27,9713499,Choose the correct order of the events?,1,2,0
41,27,9713500,Choose the correct order of the events?,2,0,0
42,27,9713939,Choose the correct order of the events?,2,2,1
43,27,9713971,Choose the correct order of the events?,3,1,0
44,27,9713975,Choose the correct order of the events?,0,3,0
45,27,9714198,Choose the correct order of the events?,3,3,1
46,27,9714304,Choose the correct order of the events?,3,1,0
47,27,9714308,Choose the correct order of the events?,1,0,0
48,27,9714389,Choose the correct order of the events?,1,3,0
49,27,9714422,Choose the correct order of the events?,3,1,0
50,27,9714964,Choose the correct order of the events?,2,0,0
51,27,9715063,Choose the correct order of the events?,2,2,1
52,27,9715147,Choose the correct order of the events?,2,2,1
53,27,9715157,Choose the correct order of the events?,1,0,0
54,27,971528,Choose the correct order of the events?,0,0,1
55,27,9716090,Choose the correct order of the events?,2,3,0
56,27,971628,Choose the correct order of the events?,2,2,1
57,27,9716339,Choose the correct order of the events?,0,1,0
58,27,971760,Choose the correct order of the events?,2,0,0
59,27,97177,Choose the correct order of the events?,1,2,0
60,27,9717,Choose the correct order of the events?,0,3,0
61,27,9718073,Choose the correct order of the events?,2,1,0
62,27,9718074,Choose the correct order of the events?,3,0,0
63,27,9718182,Choose the correct order of the events?,1,2,0
64,27,9718780,Choose the correct order of the events?,1,3,0
65,27,971927,Choose the correct order of the events?,1,1,1
66,27,9719315,Choose the correct order of the events?,3,3,1
67,27,9719317,Choose the correct order of the events?,3,1,0
68,27,971944,Choose the correct order of the events?,2,2,1
69,27,9719473,Choose the correct order of the events?,0,3,0
70,27,9719872,Choose the correct order of the events?,2,3,0
71,27,97199,Choose the correct order of the events?,2,1,0
72,27,9720261,Choose the correct order of the events?,1,2,0
73,27,9720732,Choose the correct order of the events?,3,3,1
74,27,9720792,Choose the correct order of the events?,2,2,1
75,27,9721596,Choose the correct order of the events?,2,1,0
76,27,9721626,Choose the correct order of the events?,2,0,0
77,27,97222,Choose the correct order of the events?,0,2,0
78,27,9722324,Choose the correct order of the events?,1,2,0
79,27,9722423,Choose the correct order of the events?,0,1,0
80,27,9722610,Choose the correct order of the events?,3,0,0
81,27,9723114,Choose the correct order of the events?,0,0,1
82,27,9723273,Choose the correct order of the events?,3,0,0
83,27,9723587,Choose the correct order of the events?,2,3,0
84,27,9724156,Choose the correct order of the events?,2,0,0
85,27,9724332,Choose the correct order of the events?,3,3,1
86,27,9724499,Choose the correct order of the events?,1,3,0
87,27,9724649,Choose the correct order of the events?,3,3,1
88,27,9724774,Choose the correct order of the events?,2,1,0
89,27,9724858,Choose the correct order of the events?,2,3,0
90,27,972497,Choose the correct order of the events?,2,3,0
91,27,9725034,Choose the correct order of the events?,0,2,0
92,27,972506,Choose the correct order of the events?,3,1,0
93,27,9725387,Choose the correct order of the events?,1,0,0
94,27,9726211,Choose the correct order of the events?,3,2,0
95,27,9727413,Choose the correct order of the events?,1,2,0
96,27,9727431,Choose the correct order of the events?,2,3,0
97,27,9727440,Choose the correct order of the events?,1,3,0
98,27,9727785,Choose the correct order of the events?,0,1,0
99,27,9728228,Choose the correct order of the events?,1,1,1
100,27,9728638,Choose the correct order of the events?,2,1,0
101,27,9728639,Choose the correct order of the events?,0,2,0
102,27,9728652,Choose the correct order of the events?,3,0,0
103,27,9728671,Choose the correct order of the events?,3,3,1
104,27,972888,Choose the correct order of the events?,1,2,0
105,27,97289,Choose the correct order of the events?,1,1,1
106,27,972990,Choose the correct order of the events?,1,2,0
107,27,9730463,Choose the correct order of the events?,1,3,0
108,27,973057,Choose the correct order of the events?,1,2,0
109,27,9730582,Choose the correct order of the events?,3,1,0
110,27,9730629,Choose the correct order of the events?,3,0,0
111,27,9730795,Choose the correct order of the events?,0,0,1
112,27,9731171,Choose the correct order of the events?,0,1,0
113,27,9731220,Choose the correct order of the events?,1,3,0
114,27,9731762,Choose the correct order of the events?,3,3,1
115,27,973185,Choose the correct order of the events?,0,2,0
116,27,9732077,Choose the correct order of the events?,3,1,0
117,27,9732,Choose the correct order of the events?,2,0,0
118,27,973331,Choose the correct order of the events?,3,3,1
119,27,973346,Choose the correct order of the events?,1,0,0
120,27,973357,Choose the correct order of the events?,3,1,0
121,27,9733695,Choose the correct order of the events?,3,3,1
122,27,9733767,Choose the correct order of the events?,2,0,0
123,27,9733841,Choose the correct order of the events?,2,0,0
124,27,9733874,Choose the correct order of the events?,0,0,1
125,27,9734069,Choose the correct order of the events?,2,1,0
126,27,97340,Choose the correct order of the events?,2,0,0
127,27,9734191,Choose the correct order of the events?,3,2,0
128,27,9734201,Choose the correct order of the events?,1,0,0
129,27,9734376,Choose the correct order of the events?,0,0,1
130,27,973442,Choose the correct order of the events?,0,0,1
131,27,9734439,Choose the correct order of the events?,3,3,1
132,27,973443,Choose the correct order of the events?,1,3,0
133,27,9734470,Choose the correct order of the events?,2,3,0
134,27,9734555,Choose the correct order of the events?,0,3,0
135,27,97345,Choose the correct order of the events?,3,1,0
136,27,973478,Choose the correct order of the events?,0,1,0
137,27,973490,Choose the correct order of the events?,2,0,0
138,27,973553,Choose the correct order of the events?,3,3,1
139,27,9735998,Choose the correct order of the events?,2,1,0
140,27,973618,Choose the correct order of the events?,3,1,0
141,27,9736562,Choose the correct order of the events?,0,1,0
142,27,9736588,Choose the correct order of the events?,2,3,0
143,27,9736634,Choose the correct order of the events?,3,0,0
144,27,9736635,Choose the correct order of the events?,3,0,0
145,27,9736670,Choose the correct order of the events?,3,3,1
146,27,9737007,Choose the correct order of the events?,1,3,0
147,27,9737083,Choose the correct order of the events?,2,2,1
148,27,9737090,Choose the correct order of the events?,0,2,0
149,27,9737123,Choose the correct order of the events?,0,1,0
150,27,9737194,Choose the correct order of the events?,0,2,0
151,27,9737296,Choose the correct order of the events?,3,3,1
152,27,9737419,Choose the correct order of the events?,3,0,0
153,27,9737471,Choose the correct order of the events?,3,0,0
154,27,9737545,Choose the correct order of the events?,0,1,0
155,27,9737612,Choose the correct order of the events?,1,3,0
156,27,973825,Choose the correct order of the events?,3,0,0
157,27,9738413,Choose the correct order of the events?,2,3,0
158,27,9738492,Choose the correct order of the events?,3,3,1
159,27,9738674,Choose the correct order of the events?,0,2,0
160,27,9738689,Choose the correct order of the events?,1,1,1
161,27,9738722,Choose the correct order of the events?,2,1,0
162,27,9738749,Choose the correct order of the events?,2,1,0
163,27,9738760,Choose the correct order of the events?,1,2,0
164,27,9738761,Choose the correct order of the events?,0,2,0
165,27,973881,Choose the correct order of the events?,0,3,0
166,27,9739073,Choose the correct order of the events?,2,2,1
167,27,9739172,Choose the correct order of the events?,1,0,0
168,27,9739274,Choose the correct order of the events?,2,2,1
169,27,9739429,Choose the correct order of the events?,2,2,1
170,27,9739494,Choose the correct order of the events?,3,1,0
171,27,973999,Choose the correct order of the events?,3,0,0
172,27,974103,Choose the correct order of the events?,1,1,1
173,27,9741054,Choose the correct order of the events?,2,3,0
174,27,9741074,Choose the correct order of the events?,1,2,0
175,27,974135,Choose the correct order of the events?,0,3,0
176,27,974144,Choose the correct order of the events?,2,0,0
177,27,974171,Choose the correct order of the events?,1,3,0
178,27,9741932,Choose the correct order of the events?,1,0,0
179,27,9741944,Choose the correct order of the events?,0,0,1
180,27,9741968,Choose the correct order of the events?,0,1,0
181,27,9742061,Choose the correct order of the events?,1,3,0
182,27,9742160,Choose the correct order of the events?,1,0,0
183,27,9742556,Choose the correct order of the events?,1,3,0
184,27,9742695,Choose the correct order of the events?,2,0,0
185,27,9742725,Choose the correct order of the events?,3,2,0
186,27,9742970,Choose the correct order of the events?,0,3,0
187,27,9742,Choose the correct order of the events?,1,2,0
188,27,9743130,Choose the correct order of the events?,3,1,0
189,27,974319,Choose the correct order of the events?,1,2,0
190,27,9744289,Choose the correct order of the events?,2,1,0
191,27,9744534,Choose the correct order of the events?,1,1,1
192,27,9744602,Choose the correct order of the events?,2,0,0
193,27,9744777,Choose the correct order of the events?,2,3,0
194,27,9744958,Choose the correct order of the events?,3,2,0
195,27,9745109,Choose the correct order of the events?,3,2,0
196,27,9745139,Choose the correct order of the events?,3,0,0
197,27,97451,Choose the correct order of the events?,3,3,1
198,27,974523,Choose the correct order of the events?,0,2,0
199,27,9745385,Choose the correct order of the events?,3,2,0
200,27,9745422,Choose the correct order of the events?,3,0,0
201,27,9745434,Choose the correct order of the events?,0,3,0
202,27,97461,Choose the correct order of the events?,0,3,0
203,27,9746206,Choose the correct order of the events?,1,2,0
204,27,9746263,Choose the correct order of the events?,2,0,0
205,27,9746353,Choose the correct order of the events?,1,1,1
206,27,9746414,Choose the correct order of the events?,0,2,0
207,27,9746508,Choose the correct order of the events?,3,2,0
208,27,974672,Choose the correct order of the events?,2,2,1
209,27,9746772,Choose the correct order of the events?,1,3,0
210,27,9747067,Choose the correct order of the events?,2,1,0
211,27,9747286,Choose the correct order of the events?,0,1,0
212,27,9747288,Choose the correct order of the events?,0,2,0
213,27,97472,Choose the correct order of the events?,0,0,1
214,27,9747373,Choose the correct order of the events?,1,0,0
215,27,9747381,Choose the correct order of the events?,1,1,1
216,27,9747462,Choose the correct order of the events?,2,3,0
217,27,9747560,Choose the correct order of the events?,0,0,1
218,27,9747562,Choose the correct order of the events?,3,3,1
219,27,9747626,Choose the correct order of the events?,3,1,0
220,27,9747779,Choose the correct order of the events?,0,0,1
221,27,9747904,Choose the correct order of the events?,0,1,0
222,27,97498,Choose the correct order of the events?,1,2,0
223,27,9750293,Choose the correct order of the events?,2,1,0
224,27,9750390,Choose the correct order of the events?,2,3,0
225,27,9750515,Choose the correct order of the events?,3,0,0
226,27,9750538,Choose the correct order of the events?,2,1,0
227,27,9750736,Choose the correct order of the events?,2,2,1
228,27,9750869,Choose the correct order of the events?,1,0,0
229,27,975102,Choose the correct order of the events?,0,2,0
230,27,9751068,Choose the correct order of the events?,1,0,0
231,27,9751178,Choose the correct order of the events?,2,2,1
232,27,9751211,Choose the correct order of the events?,1,2,0
233,27,9751250,Choose the correct order of the events?,3,1,0
234,27,9751258,Choose the correct order of the events?,0,3,0
235,27,9751407,Choose the correct order of the events?,2,0,0
236,27,9751417,Choose the correct order of the events?,2,3,0
237,27,9751564,Choose the correct order of the events?,2,0,0
238,27,9751805,Choose the correct order of the events?,1,1,1
239,27,9751,Choose the correct order of the events?,1,2,0
240,27,9752136,Choose the correct order of the events?,3,1,0
241,27,9752157,Choose the correct order of the events?,3,3,1
242,27,9752171,Choose the correct order of the events?,2,0,0
243,27,9752187,Choose the correct order of the events?,0,1,0
244,27,97531,Choose the correct order of the events?,1,0,0
245,27,9753576,Choose the correct order of the events?,2,0,0
246,27,9753766,Choose the correct order of the events?,2,3,0
247,27,9753781,Choose the correct order of the events?,3,2,0
248,27,9753783,Choose the correct order of the events?,0,1,0
249,27,9753,Choose the correct order of the events?,3,1,0
250,27,9754364,Choose the correct order of the events?,3,3,1
251,27,9754471,Choose the correct order of the events?,0,1,0
252,27,9754528,Choose the correct order of the events?,2,1,0
253,27,9754552,Choose the correct order of the events?,0,1,0
254,27,9754555,Choose the correct order of the events?,0,0,1
255,27,975484,Choose the correct order of the events?,3,3,1
256,27,9754953,Choose the correct order of the events?,3,0,0
257,27,975513,Choose the correct order of the events?,1,0,0
258,27,9755670,Choose the correct order of the events?,0,0,1
259,27,975669,Choose the correct order of the events?,1,0,0
260,27,97569,Choose the correct order of the events?,2,2,1
261,27,9757490,Choose the correct order of the events?,0,3,0
262,27,9757708,Choose the correct order of the events?,1,2,0
263,27,9757911,Choose the correct order of the events?,3,1,0
264,27,9758839,Choose the correct order of the events?,2,3,0
265,27,9759515,Choose the correct order of the events?,1,3,0
266,27,9759979,Choose the correct order of the events?,2,1,0
267,27,9762804,Choose the correct order of the events?,0,1,0
268,27,9762877,Choose the correct order of the events?,2,3,0
269,27,9763046,Choose the correct order of the events?,1,0,0
270,27,9763308,Choose the correct order of the events?,0,0,1
271,27,9763338,Choose the correct order of the events?,2,3,0
272,27,97649,Choose the correct order of the events?,2,0,0
273,27,9765674,Choose the correct order of the events?,0,2,0
274,27,9765721,Choose the correct order of the events?,0,0,1
275,27,9765744,Choose the correct order of the events?,1,2,0
276,27,9765972,Choose the correct order of the events?,1,3,0
277,27,9766514,Choose the correct order of the events?,0,2,0
278,27,9766790,Choose the correct order of the events?,0,0,1
279,27,976706,Choose the correct order of the events?,3,1,0
280,27,976722,Choose the correct order of the events?,2,0,0
281,27,976737,Choose the correct order of the events?,3,1,0
282,27,9767722,Choose the correct order of the events?,0,2,0
283,27,976776,Choose the correct order of the events?,0,2,0
284,27,9767814,Choose the correct order of the events?,0,3,0
285,27,9767915,Choose the correct order of the events?,3,2,0
286,27,9767,Choose the correct order of the events?,0,2,0
287,27,9768394,Choose the correct order of the events?,0,2,0
288,27,9768449,Choose the correct order of the events?,2,0,0
289,27,9768506,Choose the correct order of the events?,0,2,0
290,27,976861,Choose the correct order of the events?,3,3,1
291,27,976863,Choose the correct order of the events?,2,2,1
292,27,9768644,Choose the correct order of the events?,1,2,0
293,27,9768679,Choose the correct order of the events?,0,0,1
294,27,9768723,Choose the correct order of the events?,1,0,0
295,27,9768,Choose the correct order of the events?,3,1,0
296,27,9769090,Choose the correct order of the events?,0,2,0
297,27,9769362,Choose the correct order of the events?,0,3,0
298,27,97699,Choose the correct order of the events?,3,0,0
299,27,9770112,Choose the correct order of the events?,2,0,0
300,27,9770160,Choose the correct order of the events?,0,2,0
301,27,9770171,Choose the correct order of the events?,1,0,0
302,27,9770172,Choose the correct order of the events?,2,3,0
303,27,977020,Choose the correct order of the events?,1,2,0
304,27,977021,Choose the correct order of the events?,0,0,1
305,27,9770339,Choose the correct order of the events?,0,3,0
306,27,9770890,Choose the correct order of the events?,2,2,1
307,27,9771441,Choose the correct order of the events?,0,2,0
308,27,9772318,Choose the correct order of the events?,1,2,0
309,27,97730,Choose the correct order of the events?,1,3,0
310,27,977328,Choose the correct order of the events?,0,0,1
311,27,9774303,Choose the correct order of the events?,2,1,0
312,27,9774683,Choose the correct order of the events?,3,0,0
313,27,9775568,Choose the correct order of the events?,2,1,0
314,27,9775660,Choose the correct order of the events?,3,0,0
315,27,9775748,Choose the correct order of the events?,2,1,0
316,27,9775813,Choose the correct order of the events?,2,3,0
317,27,9776054,Choose the correct order of the events?,3,1,0
318,27,9776067,Choose the correct order of the events?,2,0,0
319,27,9777571,Choose the correct order of the events?,2,1,0
320,27,9777611,Choose the correct order of the events?,2,1,0
321,27,9777653,Choose the correct order of the events?,2,2,1
322,27,9777885,Choose the correct order of the events?,1,0,0
323,27,9777890,Choose the correct order of the events?,0,0,1
324,27,9778099,Choose the correct order of the events?,3,1,0
325,27,9778185,Choose the correct order of the events?,3,3,1
326,27,9778308,Choose the correct order of the events?,0,0,1
327,27,9778381,Choose the correct order of the events?,3,2,0
328,27,97800,Choose the correct order of the events?,3,0,0
329,27,9780105,Choose the correct order of the events?,0,0,1
330,27,9780185,Choose the correct order of the events?,1,2,0
331,27,97802,Choose the correct order of the events?,2,2,1
332,27,9780590,Choose the correct order of the events?,1,3,0
333,27,9780722,Choose the correct order of the events?,0,2,0
334,27,978072,Choose the correct order of the events?,0,3,0
335,27,9780796,Choose the correct order of the events?,0,2,0
336,27,9781246,Choose the correct order of the events?,2,2,1
337,27,9781,Choose the correct order of the events?,3,0,0
338,27,9782219,Choose the correct order of the events?,2,3,0
339,27,9782220,Choose the correct order of the events?,1,0,0
340,27,9782307,Choose the correct order of the events?,1,2,0
341,27,9782561,Choose the correct order of the events?,0,0,1
342,27,9782578,Choose the correct order of the events?,1,0,0
343,27,9782581,Choose the correct order of the events?,3,1,0
344,27,9782585,Choose the correct order of the events?,1,1,1
345,27,9782975,Choose the correct order of the events?,0,2,0
346,27,9783044,Choose the correct order of the events?,2,0,0
347,27,9783048,Choose the correct order of the events?,1,3,0
348,27,9783336,Choose the correct order of the events?,2,0,0
349,27,9783358,Choose the correct order of the events?,0,0,1
350,27,9783496,Choose the correct order of the events?,2,3,0
351,27,9783546,Choose the correct order of the events?,3,1,0
352,27,9783599,Choose the correct order of the events?,1,0,0
353,27,978386,Choose the correct order of the events?,3,2,0
354,27,9783977,Choose the correct order of the events?,0,3,0
355,27,978458,Choose the correct order of the events?,3,1,0
356,27,9784666,Choose the correct order of the events?,2,2,1
357,27,978575,Choose the correct order of the events?,1,3,0
358,27,9786220,Choose the correct order of the events?,1,1,1
359,27,9786249,Choose the correct order of the events?,3,1,0
360,27,9786399,Choose the correct order of the events?,2,2,1
361,27,9786452,Choose the correct order of the events?,1,3,0
362,27,9786500,Choose the correct order of the events?,1,3,0
363,27,9786519,Choose the correct order of the events?,1,1,1
364,27,9786622,Choose the correct order of the events?,2,0,0
365,27,9786660,Choose the correct order of the events?,1,0,0
366,27,9786685,Choose the correct order of the events?,3,0,0
367,27,9786691,Choose the correct order of the events?,1,2,0
368,27,9786918,Choose the correct order of the events?,1,0,0
369,27,9787411,Choose the correct order of the events?,3,0,0
370,27,9788087,Choose the correct order of the events?,1,1,1
371,27,9788343,Choose the correct order of the events?,3,0,0
372,27,9788383,Choose the correct order of the events?,2,2,1
373,27,9788456,Choose the correct order of the events?,2,1,0
374,27,978860,Choose the correct order of the events?,2,3,0
375,27,978884,Choose the correct order of the events?,1,3,0
376,27,9789135,Choose the correct order of the events?,2,3,0
377,27,9789227,Choose the correct order of the events?,0,0,1
378,27,9789291,Choose the correct order of the events?,3,2,0
379,27,9789300,Choose the correct order of the events?,1,1,1
380,27,978931,Choose the correct order of the events?,3,2,0
381,27,978956,Choose the correct order of the events?,0,3,0
382,27,9790634,Choose the correct order of the events?,2,0,0
383,27,9790741,Choose the correct order of the events?,2,1,0
384,27,9791043,Choose the correct order of the events?,1,1,1
385,27,9791058,Choose the correct order of the events?,1,2,0
386,27,9791321,Choose the correct order of the events?,0,1,0
387,27,9791364,Choose the correct order of the events?,3,0,0
388,27,9791482,Choose the correct order of the events?,2,3,0
389,27,9791756,Choose the correct order of the events?,3,1,0
390,27,9791779,Choose the correct order of the events?,3,2,0
391,27,9791790,Choose the correct order of the events?,1,0,0
392,27,9791929,Choose the correct order of the events?,2,0,0
393,27,9791992,Choose the correct order of the events?,0,3,0
394,27,9792316,Choose the correct order of the events?,1,1,1
395,27,9792538,Choose the correct order of the events?,3,1,0
396,27,9792663,Choose the correct order of the events?,1,2,0
397,27,97926,Choose the correct order of the events?,0,0,1
398,27,9793524,Choose the correct order of the events?,3,2,0
399,27,97945,Choose the correct order of the events?,2,2,1
400,27,97948,Choose the correct order of the events?,3,3,1
401,27,97949,Choose the correct order of the events?,2,3,0
402,27,9795930,Choose the correct order of the events?,3,1,0
403,27,9796005,Choose the correct order of the events?,2,0,0
404,27,9796246,Choose the correct order of the events?,3,3,1
405,27,9796279,Choose the correct order of the events?,0,3,0
406,27,979627,Choose the correct order of the events?,3,2,0
407,27,9796304,Choose the correct order of the events?,3,0,0
408,27,9796358,Choose the correct order of the events?,0,2,0
409,27,9796761,Choose the correct order of the events?,3,0,0
410,27,979681,Choose the correct order of the events?,3,2,0
411,27,9797013,Choose the correct order of the events?,3,3,1
412,27,9797097,Choose the correct order of the events?,2,0,0
413,27,979736,Choose the correct order of the events?,1,2,0
414,27,9797597,Choose the correct order of the events?,1,0,0
415,27,9798207,Choose the correct order of the events?,3,1,0
416,27,9798866,Choose the correct order of the events?,1,3,0
417,27,9799686,Choose the correct order of the events?,2,1,0
418,27,9799855,Choose the correct order of the events?,3,0,0
419,27,9800234,Choose the correct order of the events?,3,2,0
420,27,9800239,Choose the correct order of the events?,0,0,1
421,27,98003,Choose the correct order of the events?,0,0,1
422,27,9800505,Choose the correct order of the events?,1,1,1
423,27,9800523,Choose the correct order of the events?,1,2,0
424,27,9800763,Choose the correct order of the events?,3,0,0
425,27,9800842,Choose the correct order of the events?,3,0,0
426,27,9800878,Choose the correct order of the events?,3,3,1
427,27,98009,Choose the correct order of the events?,1,1,1
428,27,9801713,Choose the correct order of the events?,3,1,0
429,27,98019,Choose the correct order of the events?,0,3,0
430,27,98026,Choose the correct order of the events?,0,2,0
431,27,9803093,Choose the correct order of the events?,1,2,0
432,27,9804564,Choose the correct order of the events?,2,0,0
433,27,9804637,Choose the correct order of the events?,2,0,0
434,27,98046,Choose the correct order of the events?,1,0,0
435,27,9805311,Choose the correct order of the events?,2,3,0
436,27,980626,Choose the correct order of the events?,3,1,0
437,27,980629,Choose the correct order of the events?,0,3,0
438,27,980644,Choose the correct order of the events?,2,1,0
439,27,9807606,Choose the correct order of the events?,1,2,0
440,27,9808120,Choose the correct order of the events?,1,1,1
441,27,9808345,Choose the correct order of the events?,3,2,0
442,27,9808454,Choose the correct order of the events?,1,1,1
443,27,9809106,Choose the correct order of the events?,2,1,0
444,27,9809189,Choose the correct order of the events?,2,3,0
445,27,9809273,Choose the correct order of the events?,2,3,0
446,27,9809355,Choose the correct order of the events?,0,3,0
447,27,9809400,Choose the correct order of the events?,0,3,0
448,27,9809425,Choose the correct order of the events?,0,1,0
449,27,9809565,Choose the correct order of the events?,1,3,0
450,27,9809700,Choose the correct order of the events?,3,3,1
451,27,9809719,Choose the correct order of the events?,3,0,0
452,27,9809726,Choose the correct order of the events?,0,3,0
453,27,9810009,Choose the correct order of the events?,3,2,0
454,27,9810054,Choose the correct order of the events?,1,0,0
455,27,981207,Choose the correct order of the events?,0,1,0
456,27,9812178,Choose the correct order of the events?,3,1,0
457,27,9812255,Choose the correct order of the events?,2,3,0
458,27,9812285,Choose the correct order of the events?,0,3,0
459,27,9812420,Choose the correct order of the events?,0,1,0
460,27,9812725,Choose the correct order of the events?,1,2,0
461,27,98127,Choose the correct order of the events?,1,0,0
462,27,9812926,Choose the correct order of the events?,2,1,0
463,27,9812943,Choose the correct order of the events?,3,2,0
464,27,9813086,Choose the correct order of the events?,0,2,0
465,27,9813178,Choose the correct order of the events?,3,3,1
466,27,98136,Choose the correct order of the events?,2,3,0
467,27,9814148,Choose the correct order of the events?,1,1,1
468,27,981441,Choose the correct order of the events?,3,0,0
469,27,9814967,Choose the correct order of the events?,3,2,0
470,27,9815075,Choose the correct order of the events?,2,0,0
471,27,9815177,Choose the correct order of the events?,1,3,0
472,27,981538,Choose the correct order of the events?,2,1,0
473,27,98155,Choose the correct order of the events?,3,3,1
474,27,98162,Choose the correct order of the events?,2,1,0
475,27,9816938,Choose the correct order of the events?,0,2,0
476,27,9817013,Choose the correct order of the events?,1,1,1
477,27,981728,Choose the correct order of the events?,0,2,0
478,27,9817310,Choose the correct order of the events?,1,0,0
479,27,9817916,Choose the correct order of the events?,2,1,0
480,27,9817947,Choose the correct order of the events?,0,0,1
481,27,9817951,Choose the correct order of the events?,2,0,0
482,27,9817963,Choose the correct order of the events?,3,1,0
483,27,9817972,Choose the correct order of the events?,2,3,0
484,27,9817989,Choose the correct order of the events?,1,0,0
485,27,98179,Choose the correct order of the events?,1,2,0
486,27,9818015,Choose the correct order of the events?,0,0,1
487,27,9818174,Choose the correct order of the events?,3,3,1
488,27,98183,Choose the correct order of the events?,2,2,1
489,27,982072,Choose the correct order of the events?,0,0,1
490,27,9821886,Choose the correct order of the events?,2,2,1
491,27,9822158,Choose the correct order of the events?,0,3,0
492,27,9822247,Choose the correct order of the events?,2,2,1
493,27,9822346,Choose the correct order of the events?,1,1,1
494,27,9822362,Choose the correct order of the events?,2,3,0
495,27,9822428,Choose the correct order of the events?,3,3,1
496,27,9822564,Choose the correct order of the events?,3,1,0
497,27,98225,Choose the correct order of the events?,1,1,1
498,27,9822626,Choose the correct order of the events?,2,2,1
499,27,9822640,Choose the correct order of the events?,1,2,0
500,27,9822889,Choose the correct order of the events?,2,2,1
501,27,9823315,Choose the correct order of the events?,3,2,0
502,27,9823881,Choose the correct order of the events?,2,0,0
503,27,9824094,Choose the correct order of the events?,3,2,0
504,27,9824113,Choose the correct order of the events?,2,1,0
505,27,9824158,Choose the correct order of the events?,3,3,1
506,27,9824283,Choose the correct order of the events?,1,0,0
507,27,9824339,Choose the correct order of the events?,3,3,1
508,27,9824590,Choose the correct order of the events?,2,1,0
509,27,9824619,Choose the correct order of the events?,1,2,0
510,27,9824631,Choose the correct order of the events?,1,3,0
511,27,98246,Choose the correct order of the events?,0,3,0
512,27,982478,Choose the correct order of the events?,0,3,0
513,27,9824807,Choose the correct order of the events?,2,2,1
514,27,9824951,Choose the correct order of the events?,1,2,0
515,27,982499,Choose the correct order of the events?,2,0,0
516,27,9825231,Choose the correct order of the events?,3,3,1
517,27,9825448,Choose the correct order of the events?,2,2,1
518,27,98255,Choose the correct order of the events?,1,0,0
519,27,9827243,Choose the correct order of the events?,1,1,1
520,27,9827262,Choose the correct order of the events?,1,2,0
521,27,9827385,Choose the correct order of the events?,1,0,0
522,27,9827424,Choose the correct order of the events?,3,3,1
523,27,9827455,Choose the correct order of the events?,3,1,0
524,27,9827474,Choose the correct order of the events?,3,3,1
525,27,9827898,Choose the correct order of the events?,1,0,0
526,27,9827906,Choose the correct order of the events?,2,1,0
527,27,9827946,Choose the correct order of the events?,2,3,0
528,27,9828553,Choose the correct order of the events?,1,1,1
529,27,982880,Choose the correct order of the events?,0,0,1
530,27,982932,Choose the correct order of the events?,0,1,0
531,27,9829583,Choose the correct order of the events?,1,2,0
532,27,9829675,Choose the correct order of the events?,3,3,1
533,27,9829894,Choose the correct order of the events?,2,3,0
534,27,9829904,Choose the correct order of the events?,2,3,0
535,27,9829908,Choose the correct order of the events?,1,2,0
536,27,9829921,Choose the correct order of the events?,0,2,0
537,27,9830023,Choose the correct order of the events?,1,2,0
538,27,9830044,Choose the correct order of the events?,1,0,0
539,27,9830168,Choose the correct order of the events?,1,3,0
540,27,9830181,Choose the correct order of the events?,3,2,0
541,27,9830410,Choose the correct order of the events?,0,0,1
542,27,9830499,Choose the correct order of the events?,0,3,0
543,27,9830647,Choose the correct order of the events?,0,0,1
544,27,9830724,Choose the correct order of the events?,1,0,0
545,27,9830740,Choose the correct order of the events?,3,3,1
546,27,9831285,Choose the correct order of the events?,2,0,0
547,27,9832953,Choose the correct order of the events?,2,2,1
548,27,9833025,Choose the correct order of the events?,0,2,0
549,27,9833139,Choose the correct order of the events?,2,2,1
550,27,9833156,Choose the correct order of the events?,0,2,0
551,27,9833251,Choose the correct order of the events?,0,1,0
552,27,9833388,Choose the correct order of the events?,1,1,1
553,27,9833482,Choose the correct order of the events?,1,2,0
554,27,9833483,Choose the correct order of the events?,3,1,0
555,27,9833,Choose the correct order of the events?,2,0,0
556,27,983408,Choose the correct order of the events?,0,3,0
557,27,9834162,Choose the correct order of the events?,3,2,0
558,27,9834761,Choose the correct order of the events?,2,3,0
559,27,9834779,Choose the correct order of the events?,2,2,1
560,27,9834,Choose the correct order of the events?,2,0,0
561,27,9835052,Choose the correct order of the events?,1,1,1
562,27,9835360,Choose the correct order of the events?,3,2,0
563,27,983558,Choose the correct order of the events?,2,1,0
564,27,983610,Choose the correct order of the events?,3,1,0
565,27,9836164,Choose the correct order of the events?,3,0,0
566,27,9836943,Choose the correct order of the events?,0,0,1
567,27,98369,Choose the correct order of the events?,0,1,0
568,27,9837110,Choose the correct order of the events?,1,1,1
569,27,9837261,Choose the correct order of the events?,3,0,0
570,27,9837432,Choose the correct order of the events?,2,1,0
571,27,98374,Choose the correct order of the events?,2,2,1
572,27,9837539,Choose the correct order of the events?,3,2,0
573,27,9837716,Choose the correct order of the events?,2,1,0
574,27,983939,Choose the correct order of the events?,2,2,1
575,27,98405,Choose the correct order of the events?,0,3,0
576,27,9840608,Choose the correct order of the events?,3,0,0
577,27,9840697,Choose the correct order of the events?,1,1,1
578,27,984071,Choose the correct order of the events?,3,3,1
579,27,9841058,Choose the correct order of the events?,0,3,0
580,27,9841163,Choose the correct order of the events?,1,1,1
581,27,9841296,Choose the correct order of the events?,3,0,0
582,27,9841299,Choose the correct order of the events?,3,1,0
583,27,9841444,Choose the correct order of the events?,1,3,0
584,27,9841450,Choose the correct order of the events?,0,3,0
585,27,9841467,Choose the correct order of the events?,2,3,0
586,27,9841490,Choose the correct order of the events?,1,3,0
587,27,9842364,Choose the correct order of the events?,0,1,0
588,27,984239,Choose the correct order of the events?,3,1,0
589,27,984307,Choose the correct order of the events?,2,0,0
590,27,984459,Choose the correct order of the events?,1,3,0
591,27,984497,Choose the correct order of the events?,2,3,0
592,27,9844994,Choose the correct order of the events?,0,2,0
593,27,9845005,Choose the correct order of the events?,1,2,0
594,27,9845315,Choose the correct order of the events?,1,0,0
595,27,9845384,Choose the correct order of the events?,0,1,0
596,27,9845736,Choose the correct order of the events?,2,0,0
597,27,9845812,Choose the correct order of the events?,2,0,0
598,27,9845,Choose the correct order of the events?,2,3,0
599,27,9846380,Choose the correct order of the events?,3,1,0
600,27,9846383,Choose the correct order of the events?,2,2,1
601,27,9846553,Choose the correct order of the events?,2,0,0
602,27,9846592,Choose the correct order of the events?,2,0,0
603,27,9846698,Choose the correct order of the events?,1,3,0
604,27,9846709,Choose the correct order of the events?,3,3,1
605,27,9847058,Choose the correct order of the events?,0,0,1
606,27,9848954,Choose the correct order of the events?,0,2,0
607,27,9848,Choose the correct order of the events?,3,0,0
608,27,9849126,Choose the correct order of the events?,3,2,0
609,27,9849209,Choose the correct order of the events?,1,3,0
610,27,9849259,Choose the correct order of the events?,2,1,0
611,27,9849323,Choose the correct order of the events?,0,1,0
612,27,9849515,Choose the correct order of the events?,1,0,0
613,27,984960,Choose the correct order of the events?,2,3,0
614,27,9849832,Choose the correct order of the events?,3,1,0
615,27,9849935,Choose the correct order of the events?,2,2,1
616,27,9849,Choose the correct order of the events?,3,1,0
617,27,985036,Choose the correct order of the events?,2,1,0
618,27,985038,Choose the correct order of the events?,1,0,0
619,27,985085,Choose the correct order of the events?,3,0,0
620,27,9851555,Choose the correct order of the events?,1,2,0
621,27,9851748,Choose the correct order of the events?,0,0,1
622,27,9852583,Choose the correct order of the events?,3,3,1
623,27,9852778,Choose the correct order of the events?,2,3,0
624,27,9852,Choose the correct order of the events?,1,1,1
625,27,9853059,Choose the correct order of the events?,3,0,0
626,27,9853488,Choose the correct order of the events?,1,0,0
627,27,9853489,Choose the correct order of the events?,0,1,0
628,27,985350,Choose the correct order of the events?,1,1,1
629,27,985352,Choose the correct order of the events?,3,2,0
630,27,9853,Choose the correct order of the events?,1,2,0
631,27,9854524,Choose the correct order of the events?,1,2,0
632,27,9855193,Choose the correct order of the events?,0,0,1
633,27,985548,Choose the correct order of the events?,3,1,0
634,27,985555,Choose the correct order of the events?,0,2,0
635,27,9855598,Choose the correct order of the events?,2,0,0
636,27,9855783,Choose the correct order of the events?,0,3,0
637,27,9855884,Choose the correct order of the events?,2,0,0
638,27,985596,Choose the correct order of the events?,3,0,0
639,27,9856117,Choose the correct order of the events?,3,1,0
640,27,9856153,Choose the correct order of the events?,2,2,1
641,27,9856159,Choose the correct order of the events?,3,1,0
642,27,9856214,Choose the correct order of the events?,2,2,1
643,27,9856277,Choose the correct order of the events?,2,2,1
644,27,9856316,Choose the correct order of the events?,0,2,0
645,27,9856328,Choose the correct order of the events?,0,1,0
646,27,9858093,Choose the correct order of the events?,2,0,0
647,27,9858169,Choose the correct order of the events?,1,2,0
648,27,9858270,Choose the correct order of the events?,3,3,1
649,27,9858327,Choose the correct order of the events?,2,2,1
650,27,9858604,Choose the correct order of the events?,3,0,0
651,27,98592,Choose the correct order of the events?,0,1,0
652,27,9859638,Choose the correct order of the events?,3,2,0
653,27,9859778,Choose the correct order of the events?,2,0,0
654,27,985980,Choose the correct order of the events?,2,1,0
655,27,98600,Choose the correct order of the events?,0,3,0
656,27,9860149,Choose the correct order of the events?,3,3,1
657,27,9860150,Choose the correct order of the events?,1,2,0
658,27,9860204,Choose the correct order of the events?,1,3,0
659,27,9860286,Choose the correct order of the events?,0,1,0
660,27,9860364,Choose the correct order of the events?,0,3,0
661,27,9860450,Choose the correct order of the events?,3,2,0
662,27,9860496,Choose the correct order of the events?,1,3,0
663,27,9860549,Choose the correct order of the events?,1,2,0
664,27,986065,Choose the correct order of the events?,1,1,1
665,27,986121,Choose the correct order of the events?,3,2,0
666,27,98614,Choose the correct order of the events?,1,0,0
667,27,9861776,Choose the correct order of the events?,2,2,1
668,27,9861849,Choose the correct order of the events?,3,2,0
669,27,9861901,Choose the correct order of the events?,3,2,0
670,27,9861925,Choose the correct order of the events?,1,2,0
671,27,9862074,Choose the correct order of the events?,0,2,0
672,27,9862151,Choose the correct order of the events?,0,1,0
673,27,9862154,Choose the correct order of the events?,1,3,0
674,27,9862289,Choose the correct order of the events?,0,3,0
675,27,9862314,Choose the correct order of the events?,1,0,0
676,27,9862317,Choose the correct order of the events?,0,2,0
677,27,9862349,Choose the correct order of the events?,2,3,0
678,27,986234,Choose the correct order of the events?,2,3,0
679,27,9862361,Choose the correct order of the events?,1,0,0
680,27,9862549,Choose the correct order of the events?,1,2,0
681,27,9862635,Choose the correct order of the events?,0,1,0
682,27,9862878,Choose the correct order of the events?,2,3,0
683,27,9864490,Choose the correct order of the events?,2,2,1
684,27,9864957,Choose the correct order of the events?,2,1,0
685,27,9864964,Choose the correct order of the events?,1,3,0
686,27,9865294,Choose the correct order of the events?,1,2,0
687,27,9865505,Choose the correct order of the events?,2,1,0
688,27,9865686,Choose the correct order of the events?,3,2,0
689,27,9866084,Choose the correct order of the events?,2,1,0
690,27,9866153,Choose the correct order of the events?,3,3,1
691,27,9866375,Choose the correct order of the events?,3,2,0
692,27,9866549,Choose the correct order of the events?,2,2,1
693,27,9868789,Choose the correct order of the events?,0,2,0
694,27,9869054,Choose the correct order of the events?,1,2,0
695,27,9869107,Choose the correct order of the events?,0,1,0
696,27,9869518,Choose the correct order of the events?,1,2,0
697,27,9869921,Choose the correct order of the events?,1,1,1
698,27,9869935,Choose the correct order of the events?,3,3,1
699,27,9870057,Choose the correct order of the events?,0,0,1
700,27,9870258,Choose the correct order of the events?,3,0,0
701,27,987032,Choose the correct order of the events?,3,3,1
702,27,9871271,Choose the correct order of the events?,1,0,0
703,27,9871405,Choose the correct order of the events?,2,2,1
704,27,9871576,Choose the correct order of the events?,1,2,0
705,27,9871671,Choose the correct order of the events?,0,0,1
706,27,9871715,Choose the correct order of the events?,3,1,0
707,27,9871947,Choose the correct order of the events?,1,2,0
708,27,9872039,Choose the correct order of the events?,3,3,1
709,27,9872068,Choose the correct order of the events?,2,0,0
710,27,9872070,Choose the correct order of the events?,1,1,1
711,27,9872126,Choose the correct order of the events?,1,1,1
712,27,9872488,Choose the correct order of the events?,0,1,0
713,27,9872649,Choose the correct order of the events?,2,2,1
714,27,9874315,Choose the correct order of the events?,1,2,0
715,27,9874386,Choose the correct order of the events?,2,0,0
716,27,9874438,Choose the correct order of the events?,2,2,1
717,27,9874655,Choose the correct order of the events?,3,2,0
718,27,9874681,Choose the correct order of the events?,2,0,0
719,27,9875070,Choose the correct order of the events?,1,2,0
720,27,9875092,Choose the correct order of the events?,3,0,0
721,27,9875129,Choose the correct order of the events?,2,1,0
722,27,9875184,Choose the correct order of the events?,3,0,0
723,27,98753,Choose the correct order of the events?,1,2,0
724,27,9875458,Choose the correct order of the events?,0,1,0
725,27,9875789,Choose the correct order of the events?,2,2,1
726,27,98758,Choose the correct order of the events?,3,3,1
727,27,9877408,Choose the correct order of the events?,3,1,0
728,27,9877512,Choose the correct order of the events?,2,2,1
729,27,9877851,Choose the correct order of the events?,3,3,1
730,27,9877,Choose the correct order of the events?,1,1,1
731,27,9878414,Choose the correct order of the events?,1,3,0
732,27,987843,Choose the correct order of the events?,3,0,0
733,27,987901,Choose the correct order of the events?,1,2,0
734,27,987919,Choose the correct order of the events?,3,0,0
735,27,9880090,Choose the correct order of the events?,1,2,0
736,27,9880441,Choose the correct order of the events?,3,2,0
737,27,9881160,Choose the correct order of the events?,3,1,0
738,27,988135,Choose the correct order of the events?,2,0,0
739,27,9881378,Choose the correct order of the events?,2,1,0
740,27,9881401,Choose the correct order of the events?,1,0,0
741,27,9881425,Choose the correct order of the events?,3,2,0
742,27,9881519,Choose the correct order of the events?,3,3,1
743,27,9881637,Choose the correct order of the events?,2,1,0
744,27,9881701,Choose the correct order of the events?,3,1,0
745,27,988194,Choose the correct order of the events?,0,1,0
746,27,98819,Choose the correct order of the events?,2,2,1
747,27,988211,Choose the correct order of the events?,3,3,1
748,27,9883202,Choose the correct order of the events?,3,0,0
749,27,988333,Choose the correct order of the events?,2,3,0
750,27,988399,Choose the correct order of the events?,2,3,0
751,27,98842,Choose the correct order of the events?,2,0,0
752,27,9885006,Choose the correct order of the events?,2,0,0
753,27,9885012,Choose the correct order of the events?,2,0,0
754,27,9885165,Choose the correct order of the events?,0,0,1
755,27,988543,Choose the correct order of the events?,1,0,0
756,27,9885449,Choose the correct order of the events?,2,1,0
757,27,9885623,Choose the correct order of the events?,2,0,0
758,27,9885632,Choose the correct order of the events?,0,3,0
759,27,9885700,Choose the correct order of the events?,1,2,0
760,27,9885713,Choose the correct order of the events?,1,3,0
761,27,9886993,Choose the correct order of the events?,1,2,0
762,27,9887317,Choose the correct order of the events?,3,3,1
763,27,9887427,Choose the correct order of the events?,0,2,0
764,27,9887532,Choose the correct order of the events?,2,1,0
765,27,9887657,Choose the correct order of the events?,2,1,0
766,27,9887749,Choose the correct order of the events?,3,2,0
767,27,988780,Choose the correct order of the events?,3,0,0
768,27,9887991,Choose the correct order of the events?,1,0,0
769,27,9888219,Choose the correct order of the events?,3,1,0
770,27,9888311,Choose the correct order of the events?,1,3,0
771,27,988837,Choose the correct order of the events?,1,3,0
772,27,9888646,Choose the correct order of the events?,2,1,0
773,27,988867,Choose the correct order of the events?,2,1,0
774,27,9888760,Choose the correct order of the events?,0,3,0
775,27,988879,Choose the correct order of the events?,1,1,1
776,27,9889,Choose the correct order of the events?,0,2,0
777,27,9890971,Choose the correct order of the events?,3,1,0
778,27,9891111,Choose the correct order of the events?,3,3,1
779,27,9891426,Choose the correct order of the events?,1,3,0
780,27,9891527,Choose the correct order of the events?,3,2,0
781,27,9891796,Choose the correct order of the events?,1,2,0
782,27,9891804,Choose the correct order of the events?,0,1,0
783,27,98920,Choose the correct order of the events?,1,1,1
784,27,989215,Choose the correct order of the events?,2,3,0
785,27,9892259,Choose the correct order of the events?,0,1,0
786,27,989315,Choose the correct order of the events?,2,3,0
787,27,989326,Choose the correct order of the events?,0,1,0
788,27,989336,Choose the correct order of the events?,2,1,0
789,27,9893556,Choose the correct order of the events?,0,3,0
790,27,9893787,Choose the correct order of the events?,3,0,0
791,27,9894175,Choose the correct order of the events?,1,0,0
792,27,9894416,Choose the correct order of the events?,3,0,0
793,27,9894421,Choose the correct order of the events?,3,2,0
794,27,9894504,Choose the correct order of the events?,0,2,0
795,27,9894512,Choose the correct order of the events?,3,0,0
796,27,9894616,Choose the correct order of the events?,2,1,0
797,27,9894640,Choose the correct order of the events?,2,1,0
798,27,9894807,Choose the correct order of the events?,3,3,1
799,27,9894832,Choose the correct order of the events?,0,2,0
800,27,9894878,Choose the correct order of the events?,1,0,0
801,27,9894925,Choose the correct order of the events?,3,3,1
802,27,9895127,Choose the correct order of the events?,2,1,0
803,27,9895184,Choose the correct order of the events?,2,3,0
804,27,989645,Choose the correct order of the events?,2,3,0
805,27,9896664,Choose the correct order of the events?,2,1,0
806,27,9896700,Choose the correct order of the events?,1,2,0
807,27,989690,Choose the correct order of the events?,1,1,1
808,27,9897035,Choose the correct order of the events?,1,1,1
809,27,9897061,Choose the correct order of the events?,0,1,0
810,27,9897202,Choose the correct order of the events?,3,0,0
811,27,9897303,Choose the correct order of the events?,3,0,0
812,27,9897311,Choose the correct order of the events?,2,0,0
813,27,9897346,Choose the correct order of the events?,2,1,0
814,27,989754,Choose the correct order of the events?,1,1,1
815,27,98975,Choose the correct order of the events?,0,0,1
816,27,98983,Choose the correct order of the events?,0,1,0
817,27,9898539,Choose the correct order of the events?,2,1,0
818,27,9898615,Choose the correct order of the events?,3,3,1
819,27,989905,Choose the correct order of the events?,0,3,0
820,27,98990,Choose the correct order of the events?,2,1,0
821,27,9899283,Choose the correct order of the events?,3,1,0
822,27,9899373,Choose the correct order of the events?,2,0,0
823,27,9899932,Choose the correct order of the events?,2,0,0
824,27,99001,Choose the correct order of the events?,3,3,1
825,27,990052,Choose the correct order of the events?,2,3,0
826,27,9900593,Choose the correct order of the events?,0,3,0
827,27,9900700,Choose the correct order of the events?,2,2,1
828,27,9900724,Choose the correct order of the events?,1,1,1
829,27,9901306,Choose the correct order of the events?,0,1,0
830,27,9901324,Choose the correct order of the events?,2,3,0
831,27,99015,Choose the correct order of the events?,0,0,1
832,27,990242,Choose the correct order of the events?,0,3,0
833,27,990245,Choose the correct order of the events?,2,2,1
834,27,9904674,Choose the correct order of the events?,3,1,0
835,27,9904921,Choose the correct order of the events?,1,0,0
836,27,9904947,Choose the correct order of the events?,3,1,0
837,27,9905140,Choose the correct order of the events?,2,0,0
838,27,9905190,Choose the correct order of the events?,0,0,1
839,27,9905223,Choose the correct order of the events?,2,1,0
840,27,9905232,Choose the correct order of the events?,1,2,0
841,27,9905414,Choose the correct order of the events?,0,0,1
842,27,990555,Choose the correct order of the events?,1,2,0
843,27,990611,Choose the correct order of the events?,3,3,1
844,27,990691,Choose the correct order of the events?,1,1,1
845,27,990768,Choose the correct order of the events?,0,0,1
846,27,9907884,Choose the correct order of the events?,2,1,0
847,27,9908118,Choose the correct order of the events?,1,2,0
848,27,9908231,Choose the correct order of the events?,0,2,0
849,27,9908828,Choose the correct order of the events?,3,2,0
850,27,990893,Choose the correct order of the events?,3,1,0
851,27,990915,Choose the correct order of the events?,0,0,1
852,27,9909,Choose the correct order of the events?,2,1,0
853,27,9910075,Choose the correct order of the events?,1,3,0
854,27,9910087,Choose the correct order of the events?,0,0,1
855,27,9910101,Choose the correct order of the events?,3,3,1
856,27,9910328,Choose the correct order of the events?,1,3,0
857,27,9910506,Choose the correct order of the events?,3,3,1
858,27,99108,Choose the correct order of the events?,2,2,1
859,27,9911438,Choose the correct order of the events?,3,0,0
860,27,99114,Choose the correct order of the events?,3,3,1
861,27,9912017,Choose the correct order of the events?,2,2,1
862,27,9912197,Choose the correct order of the events?,0,1,0
863,27,9912252,Choose the correct order of the events?,2,2,1
864,27,9912287,Choose the correct order of the events?,1,1,1
865,27,9912356,Choose the correct order of the events?,1,0,0
866,27,9912433,Choose the correct order of the events?,1,1,1
867,27,9912670,Choose the correct order of the events?,0,2,0
868,27,9912732,Choose the correct order of the events?,2,2,1
869,27,9913355,Choose the correct order of the events?,2,0,0
870,27,9913655,Choose the correct order of the events?,2,1,0
871,27,9913691,Choose the correct order of the events?,0,3,0
872,27,9913904,Choose the correct order of the events?,1,3,0
873,27,9913927,Choose the correct order of the events?,2,1,0
874,27,9913944,Choose the correct order of the events?,2,0,0
875,27,9914205,Choose the correct order of the events?,2,2,1
876,27,9914240,Choose the correct order of the events?,3,1,0
877,27,991440,Choose the correct order of the events?,3,3,1
878,27,9914695,Choose the correct order of the events?,2,2,1
879,27,991539,Choose the correct order of the events?,3,0,0
880,27,991584,Choose the correct order of the events?,1,0,0
881,27,9916385,Choose the correct order of the events?,0,1,0
882,27,9916694,Choose the correct order of the events?,3,2,0
883,27,9916801,Choose the correct order of the events?,1,1,1
884,27,9917270,Choose the correct order of the events?,3,2,0
885,27,9917443,Choose the correct order of the events?,0,0,1
886,27,991780,Choose the correct order of the events?,1,1,1
887,27,991781,Choose the correct order of the events?,3,0,0
888,27,9917888,Choose the correct order of the events?,3,2,0
889,27,9918319,Choose the correct order of the events?,0,2,0
890,27,991870,Choose the correct order of the events?,0,2,0
891,27,9918772,Choose the correct order of the events?,2,3,0
892,27,99193,Choose the correct order of the events?,1,0,0
893,27,991949,Choose the correct order of the events?,1,2,0
894,27,99196,Choose the correct order of the events?,1,3,0
895,27,992101,Choose the correct order of the events?,3,3,1
896,27,9921421,Choose the correct order of the events?,0,1,0
897,27,992146,Choose the correct order of the events?,1,1,1
898,27,992160,Choose the correct order of the events?,0,0,1
899,27,9921984,Choose the correct order of the events?,3,2,0
900,27,9922033,Choose the correct order of the events?,0,3,0
901,27,9922166,Choose the correct order of the events?,3,0,0
902,27,9922360,Choose the correct order of the events?,0,0,1
903,27,992299,Choose the correct order of the events?,3,0,0
904,27,9923716,Choose the correct order of the events?,1,1,1
905,27,9923,Choose the correct order of the events?,1,3,0
906,27,9924510,Choose the correct order of the events?,3,0,0
907,27,9924907,Choose the correct order of the events?,0,0,1
908,27,9924,Choose the correct order of the events?,1,2,0
909,27,9925180,Choose the correct order of the events?,3,2,0
910,27,9925319,Choose the correct order of the events?,0,1,0
911,27,9925635,Choose the correct order of the events?,3,0,0
912,27,992588,Choose the correct order of the events?,1,2,0
913,27,992679,Choose the correct order of the events?,2,1,0
914,27,9927756,Choose the correct order of the events?,1,2,0
915,27,9927874,Choose the correct order of the events?,3,3,1
916,27,9927888,Choose the correct order of the events?,3,0,0
917,27,9927972,Choose the correct order of the events?,1,1,1
918,27,9927989,Choose the correct order of the events?,2,0,0
919,27,992804,Choose the correct order of the events?,3,2,0
920,27,9928054,Choose the correct order of the events?,2,2,1
921,27,9928279,Choose the correct order of the events?,0,3,0
922,27,9928399,Choose the correct order of the events?,0,1,0
923,27,9928410,Choose the correct order of the events?,0,2,0
924,27,992867,Choose the correct order of the events?,3,2,0
925,27,99290,Choose the correct order of the events?,3,2,0
926,27,9929125,Choose the correct order of the events?,2,0,0
927,27,993029,Choose the correct order of the events?,2,0,0
928,27,9930806,Choose the correct order of the events?,3,0,0
929,27,9930,Choose the correct order of the events?,3,1,0
930,27,9931853,Choose the correct order of the events?,0,2,0
931,27,9931854,Choose the correct order of the events?,1,1,1
932,27,993189,Choose the correct order of the events?,0,2,0
933,27,993234,Choose the correct order of the events?,0,3,0
934,27,9932607,Choose the correct order of the events?,1,1,1
935,27,9933783,Choose the correct order of the events?,0,3,0
936,27,9933867,Choose the correct order of the events?,0,3,0
937,27,9934116,Choose the correct order of the events?,3,1,0
938,27,993570,Choose the correct order of the events?,3,0,0
939,27,9935731,Choose the correct order of the events?,2,2,1
940,27,993630,Choose the correct order of the events?,1,2,0
941,27,993679,Choose the correct order of the events?,2,3,0
942,27,9937029,Choose the correct order of the events?,0,2,0
943,27,9937034,Choose the correct order of the events?,1,0,0
944,27,9937037,Choose the correct order of the events?,1,2,0
945,27,9937120,Choose the correct order of the events?,0,1,0
946,27,9937183,Choose the correct order of the events?,2,0,0
947,27,9937295,Choose the correct order of the events?,2,1,0
948,27,9937358,Choose the correct order of the events?,2,1,0
949,27,993741,Choose the correct order of the events?,3,1,0
950,27,9937721,Choose the correct order of the events?,1,3,0
951,27,993775,Choose the correct order of the events?,3,2,0
952,27,9939057,Choose the correct order of the events?,3,1,0
953,27,9939363,Choose the correct order of the events?,2,2,1
954,27,994005,Choose the correct order of the events?,0,1,0
955,27,994060,Choose the correct order of the events?,2,1,0
956,27,9941082,Choose the correct order of the events?,2,1,0
957,27,99411,Choose the correct order of the events?,1,0,0
958,27,9941529,Choose the correct order of the events?,2,1,0
959,27,9942141,Choose the correct order of the events?,0,3,0
960,27,994411,Choose the correct order of the events?,2,2,1
961,27,994427,Choose the correct order of the events?,2,3,0
962,27,994442,Choose the correct order of the events?,1,1,1
963,27,9944651,Choose the correct order of the events?,1,3,0
964,27,9944671,Choose the correct order of the events?,2,3,0
965,27,994473,Choose the correct order of the events?,3,1,0
966,27,9945255,Choose the correct order of the events?,1,2,0
967,27,9945413,Choose the correct order of the events?,1,2,0
968,27,9945476,Choose the correct order of the events?,1,2,0
969,27,9945501,Choose the correct order of the events?,2,2,1
970,27,994565,Choose the correct order of the events?,1,1,1
971,27,994571,Choose the correct order of the events?,3,1,0
972,27,9945885,Choose the correct order of the events?,1,2,0
973,27,994636,Choose the correct order of the events?,0,1,0
974,27,994638,Choose the correct order of the events?,0,2,0
975,27,9947125,Choose the correct order of the events?,0,0,1
976,27,994733,Choose the correct order of the events?,0,1,0
977,27,9947357,Choose the correct order of the events?,3,1,0
978,27,9947470,Choose the correct order of the events?,3,1,0
979,27,9947512,Choose the correct order of the events?,0,1,0
980,27,9947628,Choose the correct order of the events?,3,0,0
981,27,9948864,Choose the correct order of the events?,0,0,1
982,27,99491,Choose the correct order of the events?,1,0,0
983,27,994949,Choose the correct order of the events?,2,2,1
984,27,9950042,Choose the correct order of the events?,2,1,0
985,27,9950687,Choose the correct order of the events?,2,1,0
986,27,9950912,Choose the correct order of the events?,2,0,0
987,27,9951058,Choose the correct order of the events?,1,2,0
988,27,9951204,Choose the correct order of the events?,0,2,0
989,27,9951280,Choose the correct order of the events?,0,3,0
990,27,99526,Choose the correct order of the events?,1,3,0
991,27,99528,Choose the correct order of the events?,3,2,0
992,27,9953364,Choose the correct order of the events?,0,0,1
993,27,9953726,Choose the correct order of the events?,1,1,1
994,27,99549,Choose the correct order of the events?,2,1,0
995,27,9954,Choose the correct order of the events?,2,2,1
996,27,9955415,Choose the correct order of the events?,2,3,0
997,27,9955504,Choose the correct order of the events?,3,3,1
998,27,9955577,Choose the correct order of the events?,1,2,0
999,27,9955580,Choose the correct order of the events?,1,2,0
1000,27,9956517,Choose the correct order of the events?,0,0,1
1001,27,9956522,Choose the correct order of the events?,2,0,0
1002,27,9957007,Choose the correct order of the events?,2,2,1
1003,27,9957176,Choose the correct order of the events?,3,0,0
1004,27,9957295,Choose the correct order of the events?,3,1,0
1005,27,995738,Choose the correct order of the events?,3,2,0
1006,27,9957390,Choose the correct order of the events?,3,3,1
1007,27,9957598,Choose the correct order of the events?,1,1,1
1008,27,995885,Choose the correct order of the events?,1,1,1
1009,27,9959,Choose the correct order of the events?,2,0,0
1010,27,996037,Choose the correct order of the events?,3,2,0
1011,27,996086,Choose the correct order of the events?,1,1,1
1012,27,9960886,Choose the correct order of the events?,0,0,1
1013,27,9960,Choose the correct order of the events?,2,1,0
1014,27,9961035,Choose the correct order of the events?,1,1,1
1015,27,9961106,Choose the correct order of the events?,3,2,0
1016,27,9961272,Choose the correct order of the events?,3,0,0
1017,27,996130,Choose the correct order of the events?,0,0,1
1018,27,996133,Choose the correct order of the events?,1,2,0
1019,27,996134,Choose the correct order of the events?,3,2,0
1020,27,9961373,Choose the correct order of the events?,1,0,0
1021,27,9961389,Choose the correct order of the events?,2,3,0
1022,27,9961501,Choose the correct order of the events?,2,2,1
1023,27,9961642,Choose the correct order of the events?,0,3,0
1024,27,9961728,Choose the correct order of the events?,3,2,0
1025,27,9961938,Choose the correct order of the events?,2,3,0
1026,27,996196,Choose the correct order of the events?,3,2,0
1027,27,9962541,Choose the correct order of the events?,2,0,0
1028,27,9962772,Choose the correct order of the events?,0,3,0
1029,27,9962971,Choose the correct order of the events?,2,0,0
1030,27,9963025,Choose the correct order of the events?,0,1,0
1031,27,9963063,Choose the correct order of the events?,3,0,0
1032,27,996313,Choose the correct order of the events?,2,0,0
1033,27,9963189,Choose the correct order of the events?,2,0,0
1034,27,9963247,Choose the correct order of the events?,0,0,1
1035,27,9963391,Choose the correct order of the events?,2,3,0
1036,27,9963400,Choose the correct order of the events?,0,3,0
1037,27,996403,Choose the correct order of the events?,3,0,0
1038,27,9964325,Choose the correct order of the events?,1,2,0
1039,27,9964825,Choose the correct order of the events?,3,2,0
1040,27,9964870,Choose the correct order of the events?,1,0,0
1041,27,9965082,Choose the correct order of the events?,1,3,0
1042,27,9965183,Choose the correct order of the events?,1,0,0
1043,27,99651,Choose the correct order of the events?,0,1,0
1044,27,9965242,Choose the correct order of the events?,0,2,0
1045,27,9965256,Choose the correct order of the events?,1,0,0
1046,27,9965326,Choose the correct order of the events?,1,3,0
1047,27,9965374,Choose the correct order of the events?,2,3,0
1048,27,996569,Choose the correct order of the events?,2,0,0
1049,27,9966570,Choose the correct order of the events?,0,0,1
1050,27,9966700,Choose the correct order of the events?,0,0,1
1051,27,9967117,Choose the correct order of the events?,1,3,0
1052,27,9968358,Choose the correct order of the events?,0,0,1
1053,27,9968401,Choose the correct order of the events?,3,1,0
1054,27,9968422,Choose the correct order of the events?,1,3,0
1055,27,9968438,Choose the correct order of the events?,0,1,0
1056,27,9968461,Choose the correct order of the events?,1,2,0
1057,27,996928,Choose the correct order of the events?,0,0,1
1058,27,9969468,Choose the correct order of the events?,3,0,0
1059,27,9970356,Choose the correct order of the events?,2,2,1
1060,27,9970370,Choose the correct order of the events?,2,3,0
1061,27,9970464,Choose the correct order of the events?,1,2,0
1062,27,9970567,Choose the correct order of the events?,1,3,0
1063,27,9970897,Choose the correct order of the events?,0,1,0
1064,27,99709,Choose the correct order of the events?,0,3,0
1065,27,9971813,Choose the correct order of the events?,1,3,0
1066,27,9971905,Choose the correct order of the events?,0,0,1
1067,27,9971956,Choose the correct order of the events?,0,1,0
1068,27,9972096,Choose the correct order of the events?,1,2,0
1069,27,9972301,Choose the correct order of the events?,3,1,0
1070,27,9972346,Choose the correct order of the events?,0,2,0
1071,27,99723,Choose the correct order of the events?,0,2,0
1072,27,9972464,Choose the correct order of the events?,1,0,0
1073,27,9972518,Choose the correct order of the events?,2,0,0
1074,27,9972535,Choose the correct order of the events?,0,2,0
1075,27,9972626,Choose the correct order of the events?,0,1,0
1076,27,9972648,Choose the correct order of the events?,3,1,0
1077,27,9972660,Choose the correct order of the events?,0,0,1
1078,27,9972666,Choose the correct order of the events?,1,1,1
1079,27,99726,Choose the correct order of the events?,3,3,1
1080,27,9972741,Choose the correct order of the events?,0,0,1
1081,27,9972791,Choose the correct order of the events?,1,3,0
1082,27,9972809,Choose the correct order of the events?,2,3,0
1083,27,9972,Choose the correct order of the events?,2,0,0
1084,27,9973490,Choose the correct order of the events?,1,0,0
1085,27,9974192,Choose the correct order of the events?,2,0,0
1086,27,99741,Choose the correct order of the events?,0,2,0
1087,27,9974611,Choose the correct order of the events?,3,2,0
1088,27,9974852,Choose the correct order of the events?,3,2,0
1089,27,9974937,Choose the correct order of the events?,1,2,0
1090,27,9976099,Choose the correct order of the events?,1,0,0
1091,27,9976141,Choose the correct order of the events?,2,2,1
1092,27,9976158,Choose the correct order of the events?,0,3,0
1093,27,9976171,Choose the correct order of the events?,0,2,0
1094,27,9976296,Choose the correct order of the events?,0,2,0
1095,27,997630,Choose the correct order of the events?,2,0,0
1096,27,9976437,Choose the correct order of the events?,3,0,0
1097,27,9976463,Choose the correct order of the events?,0,3,0
1098,27,9976553,Choose the correct order of the events?,3,1,0
1099,27,9976800,Choose the correct order of the events?,3,1,0
1100,27,9976803,Choose the correct order of the events?,2,3,0
1101,27,9976808,Choose the correct order of the events?,2,2,1
1102,27,997728,Choose the correct order of the events?,2,1,0
1103,27,997733,Choose the correct order of the events?,1,3,0
1104,27,9978219,Choose the correct order of the events?,1,0,0
1105,27,997914,Choose the correct order of the events?,1,1,1
1106,27,9979692,Choose the correct order of the events?,1,2,0
1107,27,997973,Choose the correct order of the events?,3,0,0
1108,27,9979742,Choose the correct order of the events?,2,0,0
1109,27,9979819,Choose the correct order of the events?,2,0,0
1110,27,9980021,Choose the correct order of the events?,3,1,0
1111,27,9980107,Choose the correct order of the events?,3,0,0
1112,27,9980149,Choose the correct order of the events?,3,3,1
1113,27,9980190,Choose the correct order of the events?,2,1,0
1114,27,9980262,Choose the correct order of the events?,2,1,0
1115,27,9980293,Choose the correct order of the events?,3,0,0
1116,27,9980446,Choose the correct order of the events?,1,2,0
1117,27,9980511,Choose the correct order of the events?,3,0,0
1118,27,9980521,Choose the correct order of the events?,0,0,1
1119,27,9980574,Choose the correct order of the events?,2,1,0
1120,27,9980634,Choose the correct order of the events?,1,3,0
1121,27,9982065,Choose the correct order of the events?,1,1,1
1122,27,9982232,Choose the correct order of the events?,2,0,0
1123,27,9982340,Choose the correct order of the events?,1,3,0
1124,27,9982361,Choose the correct order of the events?,0,3,0
1125,27,9982500,Choose the correct order of the events?,2,2,1
1126,27,9982703,Choose the correct order of the events?,1,3,0
1127,27,9982727,Choose the correct order of the events?,0,3,0
1128,27,9982743,Choose the correct order of the events?,0,1,0
1129,27,9982844,Choose the correct order of the events?,0,0,1
1130,27,9982859,Choose the correct order of the events?,0,2,0
1131,27,9982860,Choose the correct order of the events?,3,3,1
1132,27,9982918,Choose the correct order of the events?,1,3,0
1133,27,9983200,Choose the correct order of the events?,1,3,0
1134,27,99833,Choose the correct order of the events?,0,0,1
1135,27,9984299,Choose the correct order of the events?,3,2,0
1136,27,9984321,Choose the correct order of the events?,2,1,0
1137,27,9984420,Choose the correct order of the events?,3,0,0
1138,27,998461,Choose the correct order of the events?,0,3,0
1139,27,9984904,Choose the correct order of the events?,3,1,0
1140,27,9984932,Choose the correct order of the events?,0,0,1
1141,27,9985091,Choose the correct order of the events?,0,1,0
1142,27,9985095,Choose the correct order of the events?,0,3,0
1143,27,99868,Choose the correct order of the events?,1,1,1
1144,27,9987337,Choose the correct order of the events?,0,1,0
1145,27,9987368,Choose the correct order of the events?,0,3,0
1146,27,998745,Choose the correct order of the events?,0,2,0
1147,27,9987759,Choose the correct order of the events?,3,2,0
1148,27,9987967,Choose the correct order of the events?,3,3,1
1149,27,9988211,Choose the correct order of the events?,0,1,0
1150,27,9988230,Choose the correct order of the events?,1,3,0
1151,27,9988312,Choose the correct order of the events?,0,1,0
1152,27,9988433,Choose the correct order of the events?,3,0,0
1153,27,9988442,Choose the correct order of the events?,1,1,1
1154,27,9990246,Choose the correct order of the events?,0,2,0
1155,27,9990656,Choose the correct order of the events?,1,1,1
1156,27,9990879,Choose the correct order of the events?,3,0,0
1157,27,9991066,Choose the correct order of the events?,3,0,0
1158,27,9991067,Choose the correct order of the events?,1,1,1
1159,27,9991088,Choose the correct order of the events?,1,2,0
1160,27,9991185,Choose the correct order of the events?,2,1,0
1161,27,9991187,Choose the correct order of the events?,2,0,0
1162,27,9991238,Choose the correct order of the events?,0,3,0
1163,27,9991294,Choose the correct order of the events?,3,2,0
1164,27,999138,Choose the correct order of the events?,0,1,0
1165,27,9991464,Choose the correct order of the events?,3,0,0
1166,27,9991665,Choose the correct order of the events?,1,2,0
1167,27,9991812,Choose the correct order of the events?,0,0,1
1168,27,9991853,Choose the correct order of the events?,1,0,0
1169,27,9991896,Choose the correct order of the events?,0,2,0
1170,27,999194,Choose the correct order of the events?,2,2,1
1171,27,9992593,Choose the correct order of the events?,2,3,0
1172,27,9995283,Choose the correct order of the events?,2,1,0
1173,27,9995315,Choose the correct order of the events?,2,0,0
1174,27,9995377,Choose the correct order of the events?,3,3,1
1175,27,9995382,Choose the correct order of the events?,3,2,0
1176,27,9995392,Choose the correct order of the events?,2,1,0
1177,27,9995413,Choose the correct order of the events?,2,3,0
1178,27,999585,Choose the correct order of the events?,2,0,0
1179,27,9996257,Choose the correct order of the events?,3,1,0
1180,27,9996404,Choose the correct order of the events?,2,0,0
1181,27,999675,Choose the correct order of the events?,3,2,0
1182,27,9997134,Choose the correct order of the events?,0,0,1
1183,27,9997188,Choose the correct order of the events?,3,2,0
1184,27,9997212,Choose the correct order of the events?,1,0,0
1185,27,9997262,Choose the correct order of the events?,1,1,1
1186,27,9997619,Choose the correct order of the events?,0,3,0
1187,27,9997744,Choose the correct order of the events?,2,2,1
1188,27,9997847,Choose the correct order of the events?,0,0,1
