index,qid,question,origanswer,generatedanswer,generatedanswers
0,0,"Question: 
Answer Choices are: 
a. 1
b. 5
c. 2
d. 3
How many moves are required at minimum if configuration in image [0] is to be transformed into configuration in image [1]?
Specify the correct answer by choosing one of a,b,c, or d: 
",a,d. 3,['d. 3']
1,1,"Question: 
Answer Choices are: 
a. 4
b. 5
c. 2
d. 1
How many moves are required at minimum if configuration in image [0] is to be transformed into configuration in image [1]?
Specify the correct answer by choosing one of a,b,c, or d: 
",d,d. 1,['d. 1']
2,2,"Question: 
Answer Choices are: 
a. 1
b. 3
c. 7
d. 2
How many moves are required at minimum if configuration in image [0] is to be transformed into configuration in image [1]?
Specify the correct answer by choosing one of a,b,c, or d: 
",a,d. 2,['d. 2']
3,3,"Question: 
Answer Choices are: 
a. 1
b. 5
c. 2
d. 7
How many moves are required at minimum if configuration in image [0] is to be transformed into configuration in image [1]?
Specify the correct answer by choosing one of a,b,c, or d: 
",a,d. 7,['d. 7']
4,4,"Question: 
Answer Choices are: 
a. 1
b. 7
c. 0
d. 3
How many moves are required at minimum if configuration in image [0] is to be transformed into configuration in image [1]?
Specify the correct answer by choosing one of a,b,c, or d: 
",a,d. 3,['d. 3']
5,5,"Question: 
Answer Choices are: 
a. 1
b. 0
c. 2
d. 7
How many moves are required at minimum if configuration in image [0] is to be transformed into configuration in image [1]?
Specify the correct answer by choosing one of a,b,c, or d: 
",a,a. 1,['a. 1']
6,6,"Question: 
Answer Choices are: 
a. 1
b. 3
c. 7
d. 4
How many moves are required at minimum if configuration in image [0] is to be transformed into configuration in image [1]?
Specify the correct answer by choosing one of a,b,c, or d: 
",a,c. 7,['c. 7']
7,7,"Question: 
Answer Choices are: 
a. 3
b. 4
c. 1
d. 6
How many moves are required at minimum if configuration in image [0] is to be transformed into configuration in image [1]?
Specify the correct answer by choosing one of a,b,c, or d: 
",c,d,['d']
8,8,"Question: 
Answer Choices are: 
a. 4
b. 7
c. 6
d. 1
How many moves are required at minimum if configuration in image [0] is to be transformed into configuration in image [1]?
Specify the correct answer by choosing one of a,b,c, or d: 
",d,d. 1,['d. 1']
9,9,"Question: 
Answer Choices are: 
a. 5
b. 6
c. 2
d. 1
How many moves are required at minimum if configuration in image [0] is to be transformed into configuration in image [1]?
Specify the correct answer by choosing one of a,b,c, or d: 
",d,d. 1,['d. 1']
10,10,"Question: 
Answer Choices are: 
a. 2
b. 4
c. 0
d. 5
How many moves are required at minimum if configuration in image [0] is to be transformed into configuration in image [1]?
Specify the correct answer by choosing one of a,b,c, or d: 
",a,c. 0,['c. 0']
11,11,"Question: 
Answer Choices are: 
a. 4
b. 7
c. 2
d. 5
How many moves are required at minimum if configuration in image [0] is to be transformed into configuration in image [1]?
Specify the correct answer by choosing one of a,b,c, or d: 
",c,d. 5,['d. 5']
12,12,"Question: 
Answer Choices are: 
a. 5
b. 6
c. 1
d. 2
How many moves are required at minimum if configuration in image [0] is to be transformed into configuration in image [1]?
Specify the correct answer by choosing one of a,b,c, or d: 
",d,d. 2,['d. 2']
13,13,"Question: 
Answer Choices are: 
a. 1
b. 2
c. 6
d. 3
How many moves are required at minimum if configuration in image [0] is to be transformed into configuration in image [1]?
Specify the correct answer by choosing one of a,b,c, or d: 
",b,c. 6,['c. 6']
14,14,"Question: 
Answer Choices are: 
a. 4
b. 2
c. 3
d. 5
How many moves are required at minimum if configuration in image [0] is to be transformed into configuration in image [1]?
Specify the correct answer by choosing one of a,b,c, or d: 
",b,c. 3,['c. 3']
15,15,"Question: 
Answer Choices are: 
a. 6
b. 2
c. 0
d. 3
How many moves are required at minimum if configuration in image [0] is to be transformed into configuration in image [1]?
Specify the correct answer by choosing one of a,b,c, or d: 
",b,c. 0,['c. 0']
16,16,"Question: 
Answer Choices are: 
a. 4
b. 5
c. 2
d. 1
How many moves are required at minimum if configuration in image [0] is to be transformed into configuration in image [1]?
Specify the correct answer by choosing one of a,b,c, or d: 
",c,d. 1,['d. 1']
17,17,"Question: 
Answer Choices are: 
a. 2
b. 3
c. 4
d. 6
How many moves are required at minimum if configuration in image [0] is to be transformed into configuration in image [1]?
Specify the correct answer by choosing one of a,b,c, or d: 
",a,c. 4 moves are required at minimum if configuration in image [0] is to be transformed into configuration in image [1].,['c. 4 moves are required at minimum if configuration in image [0] is to be transformed into configuration in image [1].']
18,18,"Question: 
Answer Choices are: 
a. 0
b. 4
c. 2
d. 3
How many moves are required at minimum if configuration in image [0] is to be transformed into configuration in image [1]?
Specify the correct answer by choosing one of a,b,c, or d: 
",c,d. 3,['d. 3']
19,19,"Question: 
Answer Choices are: 
a. 0
b. 6
c. 3
d. 2
How many moves are required at minimum if configuration in image [0] is to be transformed into configuration in image [1]?
Specify the correct answer by choosing one of a,b,c, or d: 
",d,d. 2,['d. 2']
20,20,"Question: 
Answer Choices are: 
a. 5
b. 3
c. 0
d. 7
How many moves are required at minimum if configuration in image [0] is to be transformed into configuration in image [1]?
Specify the correct answer by choosing one of a,b,c, or d: 
",b,d. 7,['d. 7']
21,21,"Question: 
Answer Choices are: 
a. 3
b. 7
c. 6
d. 0
How many moves are required at minimum if configuration in image [0] is to be transformed into configuration in image [1]?
Specify the correct answer by choosing one of a,b,c, or d: 
",a,c. 6,['c. 6']
22,22,"Question: 
Answer Choices are: 
a. 3
b. 6
c. 7
d. 5
How many moves are required at minimum if configuration in image [0] is to be transformed into configuration in image [1]?
Specify the correct answer by choosing one of a,b,c, or d: 
",a,d. 5,['d. 5']
23,23,"Question: 
Answer Choices are: 
a. 0
b. 1
c. 5
d. 3
How many moves are required at minimum if configuration in image [0] is to be transformed into configuration in image [1]?
Specify the correct answer by choosing one of a,b,c, or d: 
",d,a. 0,['a. 0']
24,24,"Question: 
Answer Choices are: 
a. 6
b. 2
c. 3
d. 0
How many moves are required at minimum if configuration in image [0] is to be transformed into configuration in image [1]?
Specify the correct answer by choosing one of a,b,c, or d: 
",c,d. 0,['d. 0']
25,25,"Question: 
Answer Choices are: 
a. 4
b. 6
c. 3
d. 2
How many moves are required at minimum if configuration in image [0] is to be transformed into configuration in image [1]?
Specify the correct answer by choosing one of a,b,c, or d: 
",c,d. 2,['d. 2']
26,26,"Question: 
Answer Choices are: 
a. 7
b. 3
c. 4
d. 5
How many moves are required at minimum if configuration in image [0] is to be transformed into configuration in image [1]?
Specify the correct answer by choosing one of a,b,c, or d: 
",b,d. 5,['d. 5']
27,27,"Question: 
Answer Choices are: 
a. 5
b. 6
c. 0
d. 3
How many moves are required at minimum if configuration in image [0] is to be transformed into configuration in image [1]?
Specify the correct answer by choosing one of a,b,c, or d: 
",d,d. 3,['d. 3']
28,28,"Question: 
Answer Choices are: 
a. 7
b. 2
c. 6
d. 3
How many moves are required at minimum if configuration in image [0] is to be transformed into configuration in image [1]?
Specify the correct answer by choosing one of a,b,c, or d: 
",d,d. 3,['d. 3']
29,29,"Question: 
Answer Choices are: 
a. 6
b. 4
c. 3
d. 5
How many moves are required at minimum if configuration in image [0] is to be transformed into configuration in image [1]?
Specify the correct answer by choosing one of a,b,c, or d: 
",c,(c) 3,['(c) 3']
30,30,"Question: 
Answer Choices are: 
a. 4
b. 2
c. 5
d. 0
How many moves are required at minimum if configuration in image [0] is to be transformed into configuration in image [1]?
Specify the correct answer by choosing one of a,b,c, or d: 
",a,d. Zero moves are required since the two images are already the same.,['d. Zero moves are required since the two images are already the same.']
31,31,"Question: 
Answer Choices are: 
a. 7
b. 0
c. 1
d. 4
How many moves are required at minimum if configuration in image [0] is to be transformed into configuration in image [1]?
Specify the correct answer by choosing one of a,b,c, or d: 
",d,d. 4,['d. 4']
32,32,"Question: 
Answer Choices are: 
a. 7
b. 0
c. 4
d. 1
How many moves are required at minimum if configuration in image [0] is to be transformed into configuration in image [1]?
Specify the correct answer by choosing one of a,b,c, or d: 
",c,b. 0,['b. 0']
33,33,"Question: 
Answer Choices are: 
a. 4
b. 3
c. 6
d. 7
How many moves are required at minimum if configuration in image [0] is to be transformed into configuration in image [1]?
Specify the correct answer by choosing one of a,b,c, or d: 
",a,c. 6,['c. 6']
34,34,"Question: 
Answer Choices are: 
a. 7
b. 4
c. 6
d. 0
How many moves are required at minimum if configuration in image [0] is to be transformed into configuration in image [1]?
Specify the correct answer by choosing one of a,b,c, or d: 
",b,d. 0,['d. 0']
35,35,"Question: 
Answer Choices are: 
a. 4
b. 3
c. 0
d. 5
How many moves are required at minimum if configuration in image [0] is to be transformed into configuration in image [1]?
Specify the correct answer by choosing one of a,b,c, or d: 
",a,c. 0,['c. 0']
36,36,"Question: 
Answer Choices are: 
a. 1
b. 5
c. 4
d. 7
How many moves are required at minimum if configuration in image [0] is to be transformed into configuration in image [1]?
Specify the correct answer by choosing one of a,b,c, or d: 
",c,d. 7,['d. 7']
37,37,"Question: 
Answer Choices are: 
a. 4
b. 5
c. 1
d. 7
How many moves are required at minimum if configuration in image [0] is to be transformed into configuration in image [1]?
Specify the correct answer by choosing one of a,b,c, or d: 
",a,b. 5,['b. 5']
38,38,"Question: 
Answer Choices are: 
a. 7
b. 0
c. 1
d. 4
How many moves are required at minimum if configuration in image [0] is to be transformed into configuration in image [1]?
Specify the correct answer by choosing one of a,b,c, or d: 
",d,d. 4,['d. 4']
39,39,"Question: 
Answer Choices are: 
a. 3
b. 4
c. 0
d. 5
How many moves are required at minimum if configuration in image [0] is to be transformed into configuration in image [1]?
Specify the correct answer by choosing one of a,b,c, or d: 
",b,c. 0,['c. 0']
40,40,"Question: 
Answer Choices are: 
a. 3
b. 1
c. 2
d. 0
How many times the Green block is moved if configuration in image [0] is to be transformed into configuration in image [1]?
Specify the correct answer by choosing one of a,b,c, or d: 
",b,d. 0,['d. 0']
41,41,"Question: 
Answer Choices are: 
a. 0
b. 2
c. 1
d. 3
How many times the Purple block is moved if configuration in image [0] is to be transformed into configuration in image [1]?
Specify the correct answer by choosing one of a,b,c, or d: 
",c,d. 3,['d. 3']
42,42,"Question: 
Answer Choices are: 
a. 3
b. 2
c. 1
d. 0
How many times the Orange block is moved if configuration in image [0] is to be transformed into configuration in image [1]?
Specify the correct answer by choosing one of a,b,c, or d: 
",c,d. 0,['d. 0']
43,43,"Question: 
Answer Choices are: 
a. 3
b. 2
c. 0
d. 1
How many times the Purple block is moved if configuration in image [0] is to be transformed into configuration in image [1]?
Specify the correct answer by choosing one of a,b,c, or d: 
",d,d. 1,['d. 1']
44,44,"Question: 
Answer Choices are: 
a. 1
b. 0
c. 3
d. 2
How many times the Yellow block is moved if configuration in image [0] is to be transformed into configuration in image [1]?
Specify the correct answer by choosing one of a,b,c, or d: 
",a,d. 2,['d. 2']
45,45,"Question: 
Answer Choices are: 
a. 2
b. 0
c. 1
d. 3
How many times the Orange block is moved if configuration in image [0] is to be transformed into configuration in image [1]?
Specify the correct answer by choosing one of a,b,c, or d: 
",c,d. 3,['d. 3']
46,46,"Question: 
Answer Choices are: 
a. 2
b. 3
c. 1
d. 0
How many times the Purple block is moved if configuration in image [0] is to be transformed into configuration in image [1]?
Specify the correct answer by choosing one of a,b,c, or d: 
",c,d. 0,['d. 0']
47,47,"Question: 
Answer Choices are: 
a. 0
b. 1
c. 2
d. 3
How many times the Blue block is moved if configuration in image [0] is to be transformed into configuration in image [1]?
Specify the correct answer by choosing one of a,b,c, or d: 
",b,d. 3,['d. 3']
48,48,"Question: 
Answer Choices are: 
a. 3
b. 2
c. 1
d. 0
How many times the Yellow block is moved if configuration in image [0] is to be transformed into configuration in image [1]?
Specify the correct answer by choosing one of a,b,c, or d: 
",c,d. 0,['d. 0']
49,49,"Question: 
Answer Choices are: 
a. 0
b. 1
c. 3
d. 2
How many times the Yellow block is moved if configuration in image [0] is to be transformed into configuration in image [1]?
Specify the correct answer by choosing one of a,b,c, or d: 
",b,d. 2,['d. 2']
50,50,"Question: 
Answer Choices are: 
a. 2
b. 3
c. 1
d. 0
How many times the Yellow block is moved if configuration in image [0] is to be transformed into configuration in image [1]?
Specify the correct answer by choosing one of a,b,c, or d: 
",c,d. 0,['d. 0']
51,51,"Question: 
Answer Choices are: 
a. 0
b. 2
c. 3
d. 1
How many times the Blue block is moved if configuration in image [0] is to be transformed into configuration in image [1]?
Specify the correct answer by choosing one of a,b,c, or d: 
",d,d. 1,['d. 1']
52,52,"Question: 
Answer Choices are: 
a. 2
b. 1
c. 0
d. 3
How many times the Blue block is moved if configuration in image [0] is to be transformed into configuration in image [1]?
Specify the correct answer by choosing one of a,b,c, or d: 
",b,d. 3,['d. 3']
53,53,"Question: 
Answer Choices are: 
a. 3
b. 0
c. 1
d. 2
How many times the Yellow block is moved if configuration in image [0] is to be transformed into configuration in image [1]?
Specify the correct answer by choosing one of a,b,c, or d: 
",c,d. 2,['d. 2']
54,54,"Question: 
Answer Choices are: 
a. 1
b. 0
c. 3
d. 2
How many times the Yellow block is moved if configuration in image [0] is to be transformed into configuration in image [1]?
Specify the correct answer by choosing one of a,b,c, or d: 
",a,b. 0,['b. 0']
55,55,"Question: 
Answer Choices are: 
a. 2
b. 0
c. 3
d. 1
How many times the Purple block is moved if configuration in image [0] is to be transformed into configuration in image [1]?
Specify the correct answer by choosing one of a,b,c, or d: 
",d,d. 1,['d. 1']
56,56,"Question: 
Answer Choices are: 
a. 1
b. 0
c. 2
d. 3
How many times the Purple block is moved if configuration in image [0] is to be transformed into configuration in image [1]?
Specify the correct answer by choosing one of a,b,c, or d: 
",a,b. 0,['b. 0']
57,57,"Question: 
Answer Choices are: 
a. 2
b. 0
c. 3
d. 1
How many times the Yellow block is moved if configuration in image [0] is to be transformed into configuration in image [1]?
Specify the correct answer by choosing one of a,b,c, or d: 
",d,d. 1,['d. 1']
58,58,"Question: 
Answer Choices are: 
a. 1
b. 0
c. 2
d. 3
How many times the Purple block is moved if configuration in image [0] is to be transformed into configuration in image [1]?
Specify the correct answer by choosing one of a,b,c, or d: 
",a,c. 2,['c. 2']
59,59,"Question: 
Answer Choices are: 
a. 2
b. 0
c. 1
d. 3
How many times the Orange block is moved if configuration in image [0] is to be transformed into configuration in image [1]?
Specify the correct answer by choosing one of a,b,c, or d: 
",c,d. 3,['d. 3']
60,60,"Question: 
Answer Choices are: 
a. 2
b. 3
c. 1
d. 0
How many times the Purple block is moved if configuration in image [0] is to be transformed into configuration in image [1]?
Specify the correct answer by choosing one of a,b,c, or d: 
",c,d. 0,['d. 0']
61,61,"Question: 
Answer Choices are: 
a. 1
b. 3
c. 0
d. 2
How many times the Purple block is moved if configuration in image [0] is to be transformed into configuration in image [1]?
Specify the correct answer by choosing one of a,b,c, or d: 
",a,d. 2,['d. 2']
62,62,"Question: 
Answer Choices are: 
a. 2
b. 3
c. 0
d. 1
How many times the Blue block is moved if configuration in image [0] is to be transformed into configuration in image [1]?
Specify the correct answer by choosing one of a,b,c, or d: 
",d,d. 1,['d. 1']
63,63,"Question: 
Answer Choices are: 
a. 1
b. 0
c. 3
d. 2
How many times the Orange block is moved if configuration in image [0] is to be transformed into configuration in image [1]?
Specify the correct answer by choosing one of a,b,c, or d: 
",a,d. 2,['d. 2']
64,64,"Question: 
Answer Choices are: 
a. 0
b. 1
c. 3
d. 2
How many times the Red block is moved if configuration in image [0] is to be transformed into configuration in image [1]?
Specify the correct answer by choosing one of a,b,c, or d: 
",b,b. 1,['b. 1']
65,65,"Question: 
Answer Choices are: 
a. 3
b. 1
c. 2
d. 0
How many times the Blue block is moved if configuration in image [0] is to be transformed into configuration in image [1]?
Specify the correct answer by choosing one of a,b,c, or d: 
",c,d. 0,['d. 0']
66,66,"Question: 
Answer Choices are: 
a. 1
b. 3
c. 0
d. 2
How many times the Green block is moved if configuration in image [0] is to be transformed into configuration in image [1]?
Specify the correct answer by choosing one of a,b,c, or d: 
",a,d. 2,['d. 2']
67,67,"Question: 
Answer Choices are: 
a. 3
b. 2
c. 0
d. 1
How many times the Blue block is moved if configuration in image [0] is to be transformed into configuration in image [1]?
Specify the correct answer by choosing one of a,b,c, or d: 
",d,d.1,['d.1']
68,68,"Question: 
Answer Choices are: 
a. 1
b. 0
c. 3
d. 2
How many times the Green block is moved if configuration in image [0] is to be transformed into configuration in image [1]?
Specify the correct answer by choosing one of a,b,c, or d: 
",a,d. 2,['d. 2']
69,69,"Question: 
Answer Choices are: 
a. 3
b. 1
c. 2
d. 0
How many times the Yellow block is moved if configuration in image [0] is to be transformed into configuration in image [1]?
Specify the correct answer by choosing one of a,b,c, or d: 
",b,d. 0,['d. 0']
70,70,"Question: 
Answer Choices are: 
a. 0
b. 3
c. 2
d. 1
How many times the Yellow block is moved if configuration in image [0] is to be transformed into configuration in image [1]?
Specify the correct answer by choosing one of a,b,c, or d: 
",d,b. 3,['b. 3']
71,71,"Question: 
Answer Choices are: 
a. 3
b. 1
c. 0
d. 2
How many times the Red block is moved if configuration in image [0] is to be transformed into configuration in image [1]?
Specify the correct answer by choosing one of a,b,c, or d: 
",d,b. 1,['b. 1']
72,72,"Question: 
Answer Choices are: 
a. 3
b. 1
c. 0
d. 2
How many times the Orange block is moved if configuration in image [0] is to be transformed into configuration in image [1]?
Specify the correct answer by choosing one of a,b,c, or d: 
",b,d. 2,['d. 2']
73,73,"Question: 
Answer Choices are: 
a. 0
b. 1
c. 3
d. 2
How many times the Orange block is moved if configuration in image [0] is to be transformed into configuration in image [1]?
Specify the correct answer by choosing one of a,b,c, or d: 
",b,d. 2,['d. 2']
74,74,"Question: 
Answer Choices are: 
a. 3
b. 1
c. 0
d. 2
How many times the Red block is moved if configuration in image [0] is to be transformed into configuration in image [1]?
Specify the correct answer by choosing one of a,b,c, or d: 
",b,d. 2,['d. 2']
75,75,"Question: 
Answer Choices are: 
a. 3
b. 0
c. 2
d. 1
How many times the Yellow block is moved if configuration in image [0] is to be transformed into configuration in image [1]?
Specify the correct answer by choosing one of a,b,c, or d: 
",d,b. 0,['b. 0']
76,76,"Question: 
Answer Choices are: 
a. 0
b. 3
c. 1
d. 2
How many times the Red block is moved if configuration in image [0] is to be transformed into configuration in image [1]?
Specify the correct answer by choosing one of a,b,c, or d: 
",c,c. 1,['c. 1']
77,77,"Question: 
Answer Choices are: 
a. 3
b. 0
c. 2
d. 1
How many times the Orange block is moved if configuration in image [0] is to be transformed into configuration in image [1]?
Specify the correct answer by choosing one of a,b,c, or d: 
",d,d. 1,['d. 1']
78,78,"Question: 
Answer Choices are: 
a. 1
b. 2
c. 0
d. 3
How many times the Green block is moved if configuration in image [0] is to be transformed into configuration in image [1]?
Specify the correct answer by choosing one of a,b,c, or d: 
",a,c. 0,['c. 0']
79,79,"Question: 
Answer Choices are: 
a. 2
b. 0
c. 3
d. 1
How many times the Yellow block is moved if configuration in image [0] is to be transformed into configuration in image [1]?
Specify the correct answer by choosing one of a,b,c, or d: 
",d,d. 1,['d. 1']
80,80,"Question: 
Answer Choices are: 
a. 1
b. 6
c. 4
d. 5
How many moves are required at minimum if configuration in image [0] is to be transformed into configuration in image [1]?
Specify the correct answer by choosing one of a,b,c, or d: 
",d,a. 1,['a. 1']
81,81,"Question: 
Answer Choices are: 
a. 5
b. 2
c. 0
d. 3
How many moves are required at minimum if configuration in image [0] is to be transformed into configuration in image [1]?
Specify the correct answer by choosing one of a,b,c, or d: 
",a,d. 3,['d. 3']
82,82,"Question: 
Answer Choices are: 
a. 4
b. 1
c. 0
d. 5
How many moves are required at minimum if configuration in image [0] is to be transformed into configuration in image [1]?
Specify the correct answer by choosing one of a,b,c, or d: 
",d,c. 0,['c. 0']
83,83,"Question: 
Answer Choices are: 
a. 3
b. 2
c. 5
d. 0
How many moves are required at minimum if configuration in image [0] is to be transformed into configuration in image [1]?
Specify the correct answer by choosing one of a,b,c, or d: 
",c,d. 0,['d. 0']
84,84,"Question: 
Answer Choices are: 
a. 5
b. 3
c. 0
d. 2
How many moves are required at minimum if configuration in image [0] is to be transformed into configuration in image [1]?
Specify the correct answer by choosing one of a,b,c, or d: 
",a,d. 2,['d. 2']
85,85,"Question: 
Answer Choices are: 
a. 3
b. 0
c. 1
d. 2
How many times the Orange block is moved if configuration in image [0] is to be transformed into configuration in image [1]?
Specify the correct answer by choosing one of a,b,c, or d: 
",c,d. 2,['d. 2']
86,86,"Question: 
Answer Choices are: 
a. 2
b. 3
c. 0
d. 1
How many times the Yellow block is moved if configuration in image [0] is to be transformed into configuration in image [1]?
Specify the correct answer by choosing one of a,b,c, or d: 
",d,d. 1,['d. 1']
87,87,"Question: 
Answer Choices are: 
a. 0
b. 3
c. 2
d. 1
How many times the Green block is moved if configuration in image [0] is to be transformed into configuration in image [1]?
Specify the correct answer by choosing one of a,b,c, or d: 
",d,d. 1,['d. 1']
88,88,"Question: 
Answer Choices are: 
a. 0
b. 2
c. 3
d. 1
How many times the Yellow block is moved if configuration in image [0] is to be transformed into configuration in image [1]?
Specify the correct answer by choosing one of a,b,c, or d: 
",b,d. 1,['d. 1']
89,89,"Question: 
Answer Choices are: 
a. 3
b. 0
c. 2
d. 1
How many times the Yellow block is moved if configuration in image [0] is to be transformed into configuration in image [1]?
Specify the correct answer by choosing one of a,b,c, or d: 
",d,c. 2,['c. 2']
90,90,"Question: 
Answer Choices are: 
a. 7
b. 0
c. 5
d. 6
How many moves are required at minimum if configuration in image [0] is to be transformed into configuration in image [1]?
Specify the correct answer by choosing one of a,b,c, or d: 
",c,b. 0,['b. 0']
91,91,"Question: 
Answer Choices are: 
a. 7
b. 2
c. 6
d. 5
How many moves are required at minimum if configuration in image [0] is to be transformed into configuration in image [1]?
Specify the correct answer by choosing one of a,b,c, or d: 
",d,d. 5,['d. 5']
92,92,"Question: 
Answer Choices are: 
a. 1
b. 5
c. 2
d. 6
How many moves are required at minimum if configuration in image [0] is to be transformed into configuration in image [1]?
Specify the correct answer by choosing one of a,b,c, or d: 
",b,d,['d']
93,93,"Question: 
Answer Choices are: 
a. 1
b. 5
c. 3
d. 6
How many moves are required at minimum if configuration in image [0] is to be transformed into configuration in image [1]?
Specify the correct answer by choosing one of a,b,c, or d: 
",b,d. 6,['d. 6']
94,94,"Question: 
Answer Choices are: 
a. 6
b. 5
c. 2
d. 1
How many moves are required at minimum if configuration in image [0] is to be transformed into configuration in image [1]?
Specify the correct answer by choosing one of a,b,c, or d: 
",b,d. 1,['d. 1']
95,95,"Question: 
Answer Choices are: 
a. 0
b. 1
c. 2
d. 3
How many times the Green block is moved if configuration in image [0] is to be transformed into configuration in image [1]?
Specify the correct answer by choosing one of a,b,c, or d: 
",b,d. 3,['d. 3']
96,96,"Question: 
Answer Choices are: 
a. 2
b. 3
c. 1
d. 0
How many times the Red block is moved if configuration in image [0] is to be transformed into configuration in image [1]?
Specify the correct answer by choosing one of a,b,c, or d: 
",c,d. 0,['d. 0']
97,97,"Question: 
Answer Choices are: 
a. 1
b. 0
c. 3
d. 2
How many times the Orange block is moved if configuration in image [0] is to be transformed into configuration in image [1]?
Specify the correct answer by choosing one of a,b,c, or d: 
",a,d. 2,['d. 2']
98,98,"Question: 
Answer Choices are: 
a. 0
b. 3
c. 2
d. 1
How many times the Purple block is moved if configuration in image [0] is to be transformed into configuration in image [1]?
Specify the correct answer by choosing one of a,b,c, or d: 
",d,b. 3,['b. 3']
99,99,"Question: 
Answer Choices are: 
a. 3
b. 2
c. 1
d. 0
How many times the Blue block is moved if configuration in image [0] is to be transformed into configuration in image [1]?
Specify the correct answer by choosing one of a,b,c, or d: 
",c,d. 0,['d. 0']
100,100,"Question: 
Answer Choices are: 
a. I-II-IV-III
b. I-IV-III-II
c. II-III-I-IV
d. II-I-IV-III
Choose the correct moves I-IV in order to convert configuration in image [0] into configuration in image [1].
Specify the correct answer by choosing one of a,b,c, or d: 
",c,The answer is b.,['The answer is b.']
101,101,"Question: 
Answer Choices are: 
a. I-II-IV-III
b. I-IV-III-II
c. II-III-I-IV
d. II-I-IV-III
Choose the correct moves I-IV in order to convert configuration in image [0] into configuration in image [1].
Specify the correct answer by choosing one of a,b,c, or d: 
",d,a. I-II-IV-III,['a. I-II-IV-III']
102,102,"Question: 
Answer Choices are: 
a. I-II-IV-III
b. I-IV-III-II
c. II-III-I-IV
d. II-I-IV-III
Choose the correct moves I-IV in order to convert configuration in image [0] into configuration in image [1].
Specify the correct answer by choosing one of a,b,c, or d: 
",a,c. II-III-I-IV,['c. II-III-I-IV']
103,103,"Question: 
Answer Choices are: 
a. I-II-IV-III
b. I-IV-III-II
c. II-III-I-IV
d. II-I-IV-III
Choose the correct moves I-IV in order to convert configuration in image [0] into configuration in image [1].
Specify the correct answer by choosing one of a,b,c, or d: 
",b,b. I-IV-III-II,['b. I-IV-III-II']
104,104,"Question: 
Answer Choices are: 
a. I-II-IV-III
b. I-IV-III-II
c. II-III-I-IV
d. II-I-IV-III
Choose the correct moves I-IV in order to convert configuration in image [0] into configuration in image [1].
Specify the correct answer by choosing one of a,b,c, or d: 
",b,d,['d']
105,105,"Question: 
Answer Choices are: 
a. I-II-IV-III
b. I-IV-III-II
c. II-III-I-IV
d. II-I-IV-III
Choose the correct moves I-IV in order to convert configuration in image [0] into configuration in image [1].
Specify the correct answer by choosing one of a,b,c, or d: 
",a,d. II-I-IV-III,['d. II-I-IV-III']
106,106,"Question: 
Answer Choices are: 
a. I-II-IV-III
b. I-IV-III-II
c. II-III-I-IV
d. II-I-IV-III
Choose the correct moves I-IV in order to convert configuration in image [0] into configuration in image [1].
Specify the correct answer by choosing one of a,b,c, or d: 
",a,d. II-I-IV-III,['d. II-I-IV-III']
107,107,"Question: 
Answer Choices are: 
a. I-II-IV-III
b. I-IV-III-II
c. II-III-I-IV
d. II-I-IV-III
Choose the correct moves I-IV in order to convert configuration in image [0] into configuration in image [1].
Specify the correct answer by choosing one of a,b,c, or d: 
",b,d. II-I-IV-III,['d. II-I-IV-III']
108,108,"Question: 
Answer Choices are: 
a. I-II-IV-III
b. I-IV-III-II
c. II-III-I-IV
d. II-I-IV-III
Choose the correct moves I-IV in order to convert configuration in image [0] into configuration in image [1].
Specify the correct answer by choosing one of a,b,c, or d: 
",c,b. I-IV-III-II,['b. I-IV-III-II']
109,109,"Question: 
Answer Choices are: 
a. I-II-IV-III
b. I-IV-III-II
c. II-III-I-IV
d. II-I-IV-III
Choose the correct moves I-IV in order to convert configuration in image [0] into configuration in image [1].
Specify the correct answer by choosing one of a,b,c, or d: 
",d,d,['d']
110,110,"Question: 
Answer Choices are: 
a. I-II-IV-III
b. I-IV-III-II
c. II-III-I-IV
d. II-I-IV-III
Choose the correct moves I-IV in order to convert configuration in image [0] into configuration in image [1].
Specify the correct answer by choosing one of a,b,c, or d: 
",b,d. II-I-IV-III,['d. II-I-IV-III']
111,111,"Question: 
Answer Choices are: 
a. I-II-IV-III
b. I-IV-III-II
c. II-III-I-IV
d. II-I-IV-III
Choose the correct moves I-IV in order to convert configuration in image [0] into configuration in image [1].
Specify the correct answer by choosing one of a,b,c, or d: 
",c,d. II-I-IV-III,['d. II-I-IV-III']
112,112,"Question: 
Answer Choices are: 
a. I-II-IV-III
b. I-IV-III-II
c. II-III-I-IV
d. II-I-IV-III
Choose the correct moves I-IV in order to convert configuration in image [0] into configuration in image [1].
Specify the correct answer by choosing one of a,b,c, or d: 
",b,a. I-II-IV-III,['a. I-II-IV-III']
113,113,"Question: 
Answer Choices are: 
a. I-II-IV-III
b. I-IV-III-II
c. II-III-I-IV
d. II-I-IV-III
Choose the correct moves I-IV in order to convert configuration in image [0] into configuration in image [1].
Specify the correct answer by choosing one of a,b,c, or d: 
",b,d. II-I-IV-III,['d. II-I-IV-III']
114,114,"Question: 
Answer Choices are: 
a. I-II-IV-III
b. I-IV-III-II
c. II-III-I-IV
d. II-I-IV-III
Choose the correct moves I-IV in order to convert configuration in image [0] into configuration in image [1].
Specify the correct answer by choosing one of a,b,c, or d: 
",a,d. II-I-IV-III,['d. II-I-IV-III']
115,115,"Question: 
Answer Choices are: 
a. I-II-IV-III
b. I-IV-III-II
c. II-III-I-IV
d. II-I-IV-III
Choose the correct moves I-IV in order to convert configuration in image [0] into configuration in image [1].
Specify the correct answer by choosing one of a,b,c, or d: 
",d,d. II-I-IV-III,['d. II-I-IV-III']
116,116,"Question: 
Answer Choices are: 
a. I-II-IV-III
b. I-IV-III-II
c. II-III-I-IV
d. II-I-IV-III
Choose the correct moves I-IV in order to convert configuration in image [0] into configuration in image [1].
Specify the correct answer by choosing one of a,b,c, or d: 
",c,The answer is b.,['The answer is b.']
117,117,"Question: 
Answer Choices are: 
a. I-II-IV-III
b. I-IV-III-II
c. II-III-I-IV
d. II-I-IV-III
Choose the correct moves I-IV in order to convert configuration in image [0] into configuration in image [1].
Specify the correct answer by choosing one of a,b,c, or d: 
",d,The correct answer is d.,['The correct answer is d.']
118,118,"Question: 
Answer Choices are: 
a. I-II-IV-III
b. I-IV-III-II
c. II-III-I-IV
d. II-I-IV-III
Choose the correct moves I-IV in order to convert configuration in image [0] into configuration in image [1].
Specify the correct answer by choosing one of a,b,c, or d: 
",a,a,['a']
119,119,"Question: 
Answer Choices are: 
a. I-II-IV-III
b. I-IV-III-II
c. II-III-I-IV
d. II-I-IV-III
Choose the correct moves I-IV in order to convert configuration in image [0] into configuration in image [1].
Specify the correct answer by choosing one of a,b,c, or d: 
",b,Answer: c. II-III-I-IV,['Answer: c. II-III-I-IV']
120,120,"Question: 
Answer Choices are: 
a. I-II-IV-III
b. I-IV-III-II
c. II-III-I-IV
d. II-I-IV-III
Choose the correct moves I-IV in order to convert configuration in image [0] into configuration in image [1].
Specify the correct answer by choosing one of a,b,c, or d: 
",a,d. II-I-IV-III,['d. II-I-IV-III']
121,121,"Question: 
Answer Choices are: 
a. I-II-IV-III
b. I-IV-III-II
c. II-III-I-IV
d. II-I-IV-III
Choose the correct moves I-IV in order to convert configuration in image [0] into configuration in image [1].
Specify the correct answer by choosing one of a,b,c, or d: 
",c,c. II-III-I-IV,['c. II-III-I-IV']
122,122,"Question: 
Answer Choices are: 
a. I-II-IV-III
b. I-IV-III-II
c. II-III-I-IV
d. II-I-IV-III
Choose the correct moves I-IV in order to convert configuration in image [0] into configuration in image [1].
Specify the correct answer by choosing one of a,b,c, or d: 
",a,d,['d']
123,123,"Question: 
Answer Choices are: 
a. I-II-IV-III
b. I-IV-III-II
c. II-III-I-IV
d. II-I-IV-III
Choose the correct moves I-IV in order to convert configuration in image [0] into configuration in image [1].
Specify the correct answer by choosing one of a,b,c, or d: 
",d,d. II-I-IV-III,['d. II-I-IV-III']
124,124,"Question: 
Answer Choices are: 
a. I-II-IV-III
b. I-IV-III-II
c. II-III-I-IV
d. II-I-IV-III
Choose the correct moves I-IV in order to convert configuration in image [0] into configuration in image [1].
Specify the correct answer by choosing one of a,b,c, or d: 
",d,d. II-I-IV-III,['d. II-I-IV-III']
125,125,"Question: 
Answer Choices are: 
a. I-II-IV-III
b. I-IV-III-II
c. II-III-I-IV
d. II-I-IV-III
Choose the correct moves I-IV in order to convert configuration in image [0] into configuration in image [1].
Specify the correct answer by choosing one of a,b,c, or d: 
",d,Answer: c. II-III-I-IV,['Answer: c. II-III-I-IV']
126,126,"Question: 
Answer Choices are: 
a. I-II-IV-III
b. I-IV-III-II
c. II-III-I-IV
d. II-I-IV-III
Choose the correct moves I-IV in order to convert configuration in image [0] into configuration in image [1].
Specify the correct answer by choosing one of a,b,c, or d: 
",d,d. II-I-IV-III,['d. II-I-IV-III']
127,127,"Question: 
Answer Choices are: 
a. I-II-IV-III
b. I-IV-III-II
c. II-III-I-IV
d. II-I-IV-III
Choose the correct moves I-IV in order to convert configuration in image [0] into configuration in image [1].
Specify the correct answer by choosing one of a,b,c, or d: 
",c,c. II-III-I-IV,['c. II-III-I-IV']
128,128,"Question: 
Answer Choices are: 
a. I-II-IV-III
b. I-IV-III-II
c. II-III-I-IV
d. II-I-IV-III
Choose the correct moves I-IV in order to convert configuration in image [0] into configuration in image [1].
Specify the correct answer by choosing one of a,b,c, or d: 
",a,d. II-I-IV-III,['d. II-I-IV-III']
129,129,"Question: 
Answer Choices are: 
a. I-II-IV-III
b. I-IV-III-II
c. II-III-I-IV
d. II-I-IV-III
Choose the correct moves I-IV in order to convert configuration in image [0] into configuration in image [1].
Specify the correct answer by choosing one of a,b,c, or d: 
",a,b. I-IV-III-II,['b. I-IV-III-II']
130,130,"Question: 
Answer Choices are: 
a. I-II-IV-III
b. I-IV-III-II
c. II-III-I-IV
d. II-I-IV-III
Choose the correct moves I-IV in order to convert configuration in image [0] into configuration in image [1].
Specify the correct answer by choosing one of a,b,c, or d: 
",b,d,['d']
131,131,"Question: 
Answer Choices are: 
a. I-II-IV-III
b. I-IV-III-II
c. II-III-I-IV
d. II-I-IV-III
Choose the correct moves I-IV in order to convert configuration in image [0] into configuration in image [1].
Specify the correct answer by choosing one of a,b,c, or d: 
",c,d. II-I-IV-III,['d. II-I-IV-III']
132,132,"Question: 
Answer Choices are: 
a. I-II-IV-III
b. I-IV-III-II
c. II-III-I-IV
d. II-I-IV-III
Choose the correct moves I-IV in order to convert configuration in image [0] into configuration in image [1].
Specify the correct answer by choosing one of a,b,c, or d: 
",a,c. II-III-I-IV,['c. II-III-I-IV']
133,133,"Question: 
Answer Choices are: 
a. I-II-IV-III
b. I-IV-III-II
c. II-III-I-IV
d. II-I-IV-III
Choose the correct moves I-IV in order to convert configuration in image [0] into configuration in image [1].
Specify the correct answer by choosing one of a,b,c, or d: 
",a,b. I-IV-III-II,['b. I-IV-III-II']
134,134,"Question: 
Answer Choices are: 
a. I-II-IV-III
b. I-IV-III-II
c. II-III-I-IV
d. II-I-IV-III
Choose the correct moves I-IV in order to convert configuration in image [0] into configuration in image [1].
Specify the correct answer by choosing one of a,b,c, or d: 
",a,c. II-III-I-IV,['c. II-III-I-IV']
135,135,"Question: 
Answer Choices are: 
a. I-II-IV-III
b. I-IV-III-II
c. II-III-I-IV
d. II-I-IV-III
Choose the correct moves I-IV in order to convert configuration in image [0] into configuration in image [1].
Specify the correct answer by choosing one of a,b,c, or d: 
",c,d. II-I-IV-III,['d. II-I-IV-III']
136,136,"Question: 
Answer Choices are: 
a. I-II-IV-III
b. I-IV-III-II
c. II-III-I-IV
d. II-I-IV-III
Choose the correct moves I-IV in order to convert configuration in image [0] into configuration in image [1].
Specify the correct answer by choosing one of a,b,c, or d: 
",b,c. II-III-I-IV,['c. II-III-I-IV']
137,137,"Question: 
Answer Choices are: 
a. I-II-IV-III
b. I-IV-III-II
c. II-III-I-IV
d. II-I-IV-III
Choose the correct moves I-IV in order to convert configuration in image [0] into configuration in image [1].
Specify the correct answer by choosing one of a,b,c, or d: 
",a,c. II-III-I-IV,['c. II-III-I-IV']
138,138,"Question: 
Answer Choices are: 
a. I-II-IV-III
b. I-IV-III-II
c. II-III-I-IV
d. II-I-IV-III
Choose the correct moves I-IV in order to convert configuration in image [0] into configuration in image [1].
Specify the correct answer by choosing one of a,b,c, or d: 
",d,d. II-I-IV-III,['d. II-I-IV-III']
139,139,"Question: 
Answer Choices are: 
a. I-II-IV-III
b. I-IV-III-II
c. II-III-I-IV
d. II-I-IV-III
Choose the correct moves I-IV in order to convert configuration in image [0] into configuration in image [1].
Specify the correct answer by choosing one of a,b,c, or d: 
",a,b. I-IV-III-II,['b. I-IV-III-II']
140,140,"Question: 
Answer Choices are: 
a. I-II-IV-III
b. I-IV-III-II
c. II-III-I-IV
d. II-I-IV-III
Choose the correct moves I-IV in order to convert configuration in image [0] into configuration in image [1].
Specify the correct answer by choosing one of a,b,c, or d: 
",c,d. II-I-IV-III,['d. II-I-IV-III']
141,141,"Question: 
Answer Choices are: 
a. I-II-IV-III
b. I-IV-III-II
c. II-III-I-IV
d. II-I-IV-III
Choose the correct moves I-IV in order to convert configuration in image [0] into configuration in image [1].
Specify the correct answer by choosing one of a,b,c, or d: 
",d,d. II-I-IV-III,['d. II-I-IV-III']
142,142,"Question: 
Answer Choices are: 
a. I-II-IV-III
b. I-IV-III-II
c. II-III-I-IV
d. II-I-IV-III
Choose the correct moves I-IV in order to convert configuration in image [0] into configuration in image [1].
Specify the correct answer by choosing one of a,b,c, or d: 
",b,d. II-I-IV-III,['d. II-I-IV-III']
143,143,"Question: 
Answer Choices are: 
a. I-II-IV-III
b. I-IV-III-II
c. II-III-I-IV
d. II-I-IV-III
Choose the correct moves I-IV in order to convert configuration in image [0] into configuration in image [1].
Specify the correct answer by choosing one of a,b,c, or d: 
",b,d. II-I-IV-III,['d. II-I-IV-III']
144,144,"Question: 
Answer Choices are: 
a. I-II-IV-III
b. I-IV-III-II
c. II-III-I-IV
d. II-I-IV-III
Choose the correct moves I-IV in order to convert configuration in image [0] into configuration in image [1].
Specify the correct answer by choosing one of a,b,c, or d: 
",c,d. II-I-IV-III,['d. II-I-IV-III']
145,145,"Question: 
Answer Choices are: 
a. I-II-IV-III
b. I-IV-III-II
c. II-III-I-IV
d. II-I-IV-III
Choose the correct moves I-IV in order to convert configuration in image [0] into configuration in image [1].
Specify the correct answer by choosing one of a,b,c, or d: 
",b,d. II-I-IV-III,['d. II-I-IV-III']
146,146,"Question: 
Answer Choices are: 
a. I-II-IV-III
b. I-IV-III-II
c. II-III-I-IV
d. II-I-IV-III
Choose the correct moves I-IV in order to convert configuration in image [0] into configuration in image [1].
Specify the correct answer by choosing one of a,b,c, or d: 
",c,d. II-I-IV-III,['d. II-I-IV-III']
147,147,"Question: 
Answer Choices are: 
a. I-II-IV-III
b. I-IV-III-II
c. II-III-I-IV
d. II-I-IV-III
Choose the correct moves I-IV in order to convert configuration in image [0] into configuration in image [1].
Specify the correct answer by choosing one of a,b,c, or d: 
",a,d. II-I-IV-III,['d. II-I-IV-III']
148,148,"Question: 
Answer Choices are: 
a. I-II-IV-III
b. I-IV-III-II
c. II-III-I-IV
d. II-I-IV-III
Choose the correct moves I-IV in order to convert configuration in image [0] into configuration in image [1].
Specify the correct answer by choosing one of a,b,c, or d: 
",b,c. II-III-I-IV,['c. II-III-I-IV']
149,149,"Question: 
Answer Choices are: 
a. I-II-IV-III
b. I-IV-III-II
c. II-III-I-IV
d. II-I-IV-III
Choose the correct moves I-IV in order to convert configuration in image [0] into configuration in image [1].
Specify the correct answer by choosing one of a,b,c, or d: 
",d,c,['c']
150,150,"Question: 
Answer Choices are: 
a. True
b. False
There are 1 moves required if image [0] is to be transformed into configuration in image [1].
Specify the correct answer by choosing one of a or b: 
",a,a. True,['a. True']
151,151,"Question: 
Answer Choices are: 
a. True
b. False
There are 1 moves required if image [0] is to be transformed into configuration in image [1].
Specify the correct answer by choosing one of a or b: 
",a,a,['a']
152,152,"Question: 
Answer Choices are: 
a. True
b. False
There are 3 moves required if image [0] is to be transformed into configuration in image [1].
Specify the correct answer by choosing one of a or b: 
",b,Answer: a,['Answer: a']
153,153,"Question: 
Answer Choices are: 
a. True
b. False
There are 6 moves required if image [0] is to be transformed into configuration in image [1].
Specify the correct answer by choosing one of a or b: 
",b,a. True,['a. True']
154,154,"Question: 
Answer Choices are: 
a. True
b. False
There are 2 moves required if image [0] is to be transformed into configuration in image [1].
Specify the correct answer by choosing one of a or b: 
",b,true,['true']
155,155,"Question: 
Answer Choices are: 
a. True
b. False
There are 1 moves required if image [0] is to be transformed into configuration in image [1].
Specify the correct answer by choosing one of a or b: 
",a,a. True,['a. True']
156,156,"Question: 
Answer Choices are: 
a. True
b. False
There are 5 moves required if image [0] is to be transformed into configuration in image [1].
Specify the correct answer by choosing one of a or b: 
",b,b,['b']
157,157,"Question: 
Answer Choices are: 
a. True
b. False
There are 1 moves required if image [0] is to be transformed into configuration in image [1].
Specify the correct answer by choosing one of a or b: 
",a,b,['b']
158,158,"Question: 
Answer Choices are: 
a. True
b. False
There are 1 moves required if image [0] is to be transformed into configuration in image [1].
Specify the correct answer by choosing one of a or b: 
",a,a. True,['a. True']
159,159,"Question: 
Answer Choices are: 
a. True
b. False
There are 1 moves required if image [0] is to be transformed into configuration in image [1].
Specify the correct answer by choosing one of a or b: 
",a,b,['b']
160,160,"Question: 
Answer Choices are: 
a. True
b. False
There are 2 moves required if image [0] is to be transformed into configuration in image [1].
Specify the correct answer by choosing one of a or b: 
",a,a. True,['a. True']
161,161,"Question: 
Answer Choices are: 
a. True
b. False
There are 2 moves required if image [0] is to be transformed into configuration in image [1].
Specify the correct answer by choosing one of a or b: 
",a,b. False,['b. False']
162,162,"Question: 
Answer Choices are: 
a. True
b. False
There are 2 moves required if image [0] is to be transformed into configuration in image [1].
Specify the correct answer by choosing one of a or b: 
",a,b,['b']
163,163,"Question: 
Answer Choices are: 
a. True
b. False
There are 2 moves required if image [0] is to be transformed into configuration in image [1].
Specify the correct answer by choosing one of a or b: 
",a,a. True,['a. True']
164,164,"Question: 
Answer Choices are: 
a. True
b. False
There are 0 moves required if image [0] is to be transformed into configuration in image [1].
Specify the correct answer by choosing one of a or b: 
",b,a,['a']
165,165,"Question: 
Answer Choices are: 
a. True
b. False
There are 0 moves required if image [0] is to be transformed into configuration in image [1].
Specify the correct answer by choosing one of a or b: 
",b,a,['a']
166,166,"Question: 
Answer Choices are: 
a. True
b. False
There are 6 moves required if image [0] is to be transformed into configuration in image [1].
Specify the correct answer by choosing one of a or b: 
",b,b. False,['b. False']
167,167,"Question: 
Answer Choices are: 
a. True
b. False
There are 1 moves required if image [0] is to be transformed into configuration in image [1].
Specify the correct answer by choosing one of a or b: 
",b,a. True,['a. True']
168,168,"Question: 
Answer Choices are: 
a. True
b. False
There are 5 moves required if image [0] is to be transformed into configuration in image [1].
Specify the correct answer by choosing one of a or b: 
",b,b,['b']
169,169,"Question: 
Answer Choices are: 
a. True
b. False
There are 0 moves required if image [0] is to be transformed into configuration in image [1].
Specify the correct answer by choosing one of a or b: 
",b,a. True,['a. True']
170,170,"Question: 
Answer Choices are: 
a. True
b. False
There are 7 moves required if image [0] is to be transformed into configuration in image [1].
Specify the correct answer by choosing one of a or b: 
",b,a. True,['a. True']
171,171,"Question: 
Answer Choices are: 
a. True
b. False
There are 4 moves required if image [0] is to be transformed into configuration in image [1].
Specify the correct answer by choosing one of a or b: 
",b,b,['b']
172,172,"Question: 
Answer Choices are: 
a. True
b. False
There are 3 moves required if image [0] is to be transformed into configuration in image [1].
Specify the correct answer by choosing one of a or b: 
",a,a. True,['a. True']
173,173,"Question: 
Answer Choices are: 
a. True
b. False
There are 3 moves required if image [0] is to be transformed into configuration in image [1].
Specify the correct answer by choosing one of a or b: 
",a,true,['true']
174,174,"Question: 
Answer Choices are: 
a. True
b. False
There are 3 moves required if image [0] is to be transformed into configuration in image [1].
Specify the correct answer by choosing one of a or b: 
",a,a. True,['a. True']
175,175,"Question: 
Answer Choices are: 
a. True
b. False
There are 3 moves required if image [0] is to be transformed into configuration in image [1].
Specify the correct answer by choosing one of a or b: 
",a,a. True,['a. True']
176,176,"Question: 
Answer Choices are: 
a. True
b. False
There are 0 moves required if image [0] is to be transformed into configuration in image [1].
Specify the correct answer by choosing one of a or b: 
",b,b. False,['b. False']
177,177,"Question: 
Answer Choices are: 
a. True
b. False
There are 3 moves required if image [0] is to be transformed into configuration in image [1].
Specify the correct answer by choosing one of a or b: 
",a,a. True,['a. True']
178,178,"Question: 
Answer Choices are: 
a. True
b. False
There are 2 moves required if image [0] is to be transformed into configuration in image [1].
Specify the correct answer by choosing one of a or b: 
",b,a. True,['a. True']
179,179,"Question: 
Answer Choices are: 
a. True
b. False
There are 3 moves required if image [0] is to be transformed into configuration in image [1].
Specify the correct answer by choosing one of a or b: 
",a,Answer: b,['Answer: b']
180,180,"Question: 
Answer Choices are: 
a. True
b. False
There are 4 moves required if image [0] is to be transformed into configuration in image [1].
Specify the correct answer by choosing one of a or b: 
",a,b. False,['b. False']
181,181,"Question: 
Answer Choices are: 
a. True
b. False
There are 4 moves required if image [0] is to be transformed into configuration in image [1].
Specify the correct answer by choosing one of a or b: 
",a,a. True,['a. True']
182,182,"Question: 
Answer Choices are: 
a. True
b. False
There are 4 moves required if image [0] is to be transformed into configuration in image [1].
Specify the correct answer by choosing one of a or b: 
",a,a. True,['a. True']
183,183,"Question: 
Answer Choices are: 
a. True
b. False
There are 3 moves required if image [0] is to be transformed into configuration in image [1].
Specify the correct answer by choosing one of a or b: 
",b,b,['b']
184,184,"Question: 
Answer Choices are: 
a. True
b. False
There are 4 moves required if image [0] is to be transformed into configuration in image [1].
Specify the correct answer by choosing one of a or b: 
",a,a. True,['a. True']
185,185,"Question: 
Answer Choices are: 
a. True
b. False
There are 4 moves required if image [0] is to be transformed into configuration in image [1].
Specify the correct answer by choosing one of a or b: 
",a,b,['b']
186,186,"Question: 
Answer Choices are: 
a. True
b. False
There are 4 moves required if image [0] is to be transformed into configuration in image [1].
Specify the correct answer by choosing one of a or b: 
",a,b. False,['b. False']
187,187,"Question: 
Answer Choices are: 
a. True
b. False
There are 4 moves required if image [0] is to be transformed into configuration in image [1].
Specify the correct answer by choosing one of a or b: 
",a,False,['False']
188,188,"Question: 
Answer Choices are: 
a. True
b. False
There are 4 moves required if image [0] is to be transformed into configuration in image [1].
Specify the correct answer by choosing one of a or b: 
",a,a,['a']
189,189,"Question: 
Answer Choices are: 
a. True
b. False
There are 4 moves required if image [0] is to be transformed into configuration in image [1].
Specify the correct answer by choosing one of a or b: 
",a,b,['b']
190,190,"Question: 
Answer Choices are: 
a. True
b. False
The Green block is moved 0 times if image [0] is to be transformed into configuration in image [1].
Specify the correct answer by choosing one of a or b: 
",b,a. True,['a. True']
191,191,"Question: 
Answer Choices are: 
a. True
b. False
The Purple block is moved 2 times if image [0] is to be transformed into configuration in image [1].
Specify the correct answer by choosing one of a or b: 
",b,b,['b']
192,192,"Question: 
Answer Choices are: 
a. True
b. False
The Orange block is moved 1 times if image [0] is to be transformed into configuration in image [1].
Specify the correct answer by choosing one of a or b: 
",a,B. False,['B. False']
193,193,"Question: 
Answer Choices are: 
a. True
b. False
The Purple block is moved 1 times if image [0] is to be transformed into configuration in image [1].
Specify the correct answer by choosing one of a or b: 
",a,a. True,['a. True']
194,194,"Question: 
Answer Choices are: 
a. True
b. False
The Yellow block is moved 0 times if image [0] is to be transformed into configuration in image [1].
Specify the correct answer by choosing one of a or b: 
",b,a. True,['a. True']
195,195,"Question: 
Answer Choices are: 
a. True
b. False
The Orange block is moved 0 times if image [0] is to be transformed into configuration in image [1].
Specify the correct answer by choosing one of a or b: 
",b,a,['a']
196,196,"Question: 
Answer Choices are: 
a. True
b. False
The Purple block is moved 3 times if image [0] is to be transformed into configuration in image [1].
Specify the correct answer by choosing one of a or b: 
",b,The correct answer is b.,['The correct answer is b.']
197,197,"Question: 
Answer Choices are: 
a. True
b. False
The Blue block is moved 1 times if image [0] is to be transformed into configuration in image [1].
Specify the correct answer by choosing one of a or b: 
",a,a. True,['a. True']
198,198,"Question: 
Answer Choices are: 
a. True
b. False
The Yellow block is moved 1 times if image [0] is to be transformed into configuration in image [1].
Specify the correct answer by choosing one of a or b: 
",a,a. True,['a. True']
199,199,"Question: 
Answer Choices are: 
a. True
b. False
The Yellow block is moved 1 times if image [0] is to be transformed into configuration in image [1].
Specify the correct answer by choosing one of a or b: 
",a,The answer is b. False.,['The answer is b. False.']
200,200,"Question: 
Answer Choices are: 
a. True
b. False
The Yellow block is moved 3 times if image [0] is to be transformed into configuration in image [1].
Specify the correct answer by choosing one of a or b: 
",b,b. False,['b. False']
201,201,"Question: 
Answer Choices are: 
a. True
b. False
The Blue block is moved 2 times if image [0] is to be transformed into configuration in image [1].
Specify the correct answer by choosing one of a or b: 
",b,a. True,['a. True']
202,202,"Question: 
Answer Choices are: 
a. True
b. False
The Blue block is moved 1 times if image [0] is to be transformed into configuration in image [1].
Specify the correct answer by choosing one of a or b: 
",a,False,['False']
203,203,"Question: 
Answer Choices are: 
a. True
b. False
The Yellow block is moved 1 times if image [0] is to be transformed into configuration in image [1].
Specify the correct answer by choosing one of a or b: 
",a,b,['b']
204,204,"Question: 
Answer Choices are: 
a. True
b. False
The Yellow block is moved 1 times if image [0] is to be transformed into configuration in image [1].
Specify the correct answer by choosing one of a or b: 
",a,b. False,['b. False']
205,205,"Question: 
Answer Choices are: 
a. True
b. False
The Red block is moved 1 times if image [0] is to be transformed into configuration in image [1].
Specify the correct answer by choosing one of a or b: 
",a,A. True,['A. True']
206,206,"Question: 
Answer Choices are: 
a. True
b. False
The Purple block is moved 3 times if image [0] is to be transformed into configuration in image [1].
Specify the correct answer by choosing one of a or b: 
",b,a,['a']
207,207,"Question: 
Answer Choices are: 
a. True
b. False
The Yellow block is moved 1 times if image [0] is to be transformed into configuration in image [1].
Specify the correct answer by choosing one of a or b: 
",a,b. False,['b. False']
208,208,"Question: 
Answer Choices are: 
a. True
b. False
The Purple block is moved 3 times if image [0] is to be transformed into configuration in image [1].
Specify the correct answer by choosing one of a or b: 
",b,a. True,['a. True']
209,209,"Question: 
Answer Choices are: 
a. True
b. False
The Yellow block is moved 1 times if image [0] is to be transformed into configuration in image [1].
Specify the correct answer by choosing one of a or b: 
",a,Image,"['Image', 'The answer is b. False']"
210,210,"Question: 
Answer Choices are: 
a. True
b. False
The Blue block is moved 1 times if image [0] is to be transformed into configuration in image [1].
Specify the correct answer by choosing one of a or b: 
",a,b. False,['b. False']
211,211,"Question: 
Answer Choices are: 
a. True
b. False
The Yellow block is moved 2 times if image [0] is to be transformed into configuration in image [1].
Specify the correct answer by choosing one of a or b: 
",b,a. True,['a. True']
212,212,"Question: 
Answer Choices are: 
a. True
b. False
The Yellow block is moved 0 times if image [0] is to be transformed into configuration in image [1].
Specify the correct answer by choosing one of a or b: 
",b,b. False,['b. False']
213,213,"Question: 
Answer Choices are: 
a. True
b. False
The Orange block is moved 2 times if image [0] is to be transformed into configuration in image [1].
Specify the correct answer by choosing one of a or b: 
",b,a. True,['a. True']
214,214,"Question: 
Answer Choices are: 
a. True
b. False
The Red block is moved 1 times if image [0] is to be transformed into configuration in image [1].
Specify the correct answer by choosing one of a or b: 
",a,a. True,['a. True']
215,215,"Question: 
Answer Choices are: 
a. True
b. False
The Orange block is moved 1 times if image [0] is to be transformed into configuration in image [1].
Specify the correct answer by choosing one of a or b: 
",a,b. False,['b. False']
216,216,"Question: 
Answer Choices are: 
a. True
b. False
The Green block is moved 1 times if image [0] is to be transformed into configuration in image [1].
Specify the correct answer by choosing one of a or b: 
",a,a. True,['a. True']
217,217,"Question: 
Answer Choices are: 
a. True
b. False
The Red block is moved 3 times if image [0] is to be transformed into configuration in image [1].
Specify the correct answer by choosing one of a or b: 
",b,b. False,['b. False']
218,218,"Question: 
Answer Choices are: 
a. True
b. False
The Yellow block is moved 2 times if image [0] is to be transformed into configuration in image [1].
Specify the correct answer by choosing one of a or b: 
",b,b. False,['b. False']
219,219,"Question: 
Answer Choices are: 
a. True
b. False
The Orange block is moved 1 times if image [0] is to be transformed into configuration in image [1].
Specify the correct answer by choosing one of a or b: 
",a,a. True,['a. True']
220,220,"Question: 
Answer Choices are: 
a. True
b. False
The Yellow block is moved 1 times if image [0] is to be transformed into configuration in image [1].
Specify the correct answer by choosing one of a or b: 
",a,a. True,['a. True']
221,221,"Question: 
Answer Choices are: 
a. True
b. False
The Green block is moved 1 times if image [0] is to be transformed into configuration in image [1].
Specify the correct answer by choosing one of a or b: 
",a,a. True,['a. True']
222,222,"Question: 
Answer Choices are: 
a. True
b. False
The Purple block is moved 1 times if image [0] is to be transformed into configuration in image [1].
Specify the correct answer by choosing one of a or b: 
",a,False,['False']
223,223,"Question: 
Answer Choices are: 
a. True
b. False
The Red block is moved 1 times if image [0] is to be transformed into configuration in image [1].
Specify the correct answer by choosing one of a or b: 
",a,a. True,['a. True']
224,224,"Question: 
Answer Choices are: 
a. True
b. False
The Red block is moved 2 times if image [0] is to be transformed into configuration in image [1].
Specify the correct answer by choosing one of a or b: 
",b,a. True,['a. True']
225,225,"Question: 
Answer Choices are: 
a. True
b. False
The Purple block is moved 1 times if image [0] is to be transformed into configuration in image [1].
Specify the correct answer by choosing one of a or b: 
",a,a. True,['a. True']
226,226,"Question: 
Answer Choices are: 
a. True
b. False
The Blue block is moved 2 times if image [0] is to be transformed into configuration in image [1].
Specify the correct answer by choosing one of a or b: 
",b,False,['False']
227,227,"Question: 
Answer Choices are: 
a. True
b. False
The Blue block is moved 3 times if image [0] is to be transformed into configuration in image [1].
Specify the correct answer by choosing one of a or b: 
",b,a. True,['a. True']
228,228,"Question: 
Answer Choices are: 
a. True
b. False
The Orange block is moved 2 times if image [0] is to be transformed into configuration in image [1].
Specify the correct answer by choosing one of a or b: 
",b,b. False,['b. False']
229,229,"Question: 
Answer Choices are: 
a. True
b. False
The Purple block is moved 1 times if image [0] is to be transformed into configuration in image [1].
Specify the correct answer by choosing one of a or b: 
",a,a,['a']
230,230,"Question: 
Answer Choices are: 
a. True
b. False
There are 5 moves required if image [0] is to be transformed into configuration in image [1].
Specify the correct answer by choosing one of a or b: 
",a,a. True,['a. True']
231,231,"Question: 
Answer Choices are: 
a. True
b. False
There are 5 moves required if image [0] is to be transformed into configuration in image [1].
Specify the correct answer by choosing one of a or b: 
",a,a. True,['a. True']
232,232,"Question: 
Answer Choices are: 
a. True
b. False
There are 4 moves required if image [0] is to be transformed into configuration in image [1].
Specify the correct answer by choosing one of a or b: 
",b,b. False,['b. False']
233,233,"Question: 
Answer Choices are: 
a. True
b. False
There are 2 moves required if image [0] is to be transformed into configuration in image [1].
Specify the correct answer by choosing one of a or b: 
",b,a. True,['a. True']
234,234,"Question: 
Answer Choices are: 
a. True
b. False
There are 5 moves required if image [0] is to be transformed into configuration in image [1].
Specify the correct answer by choosing one of a or b: 
",a,b. False,['b. False']
235,235,"Question: 
Answer Choices are: 
a. True
b. False
The Orange block is moved 1 times if image [0] is to be transformed into configuration in image [1].
Specify the correct answer by choosing one of a or b: 
",a,a. True,['a. True']
236,236,"Question: 
Answer Choices are: 
a. True
b. False
The Yellow block is moved 1 times if image [0] is to be transformed into configuration in image [1].
Specify the correct answer by choosing one of a or b: 
",a,a. True,['a. True']
237,237,"Question: 
Answer Choices are: 
a. True
b. False
The Blue block is moved 0 times if image [0] is to be transformed into configuration in image [1].
Specify the correct answer by choosing one of a or b: 
",b,a. True,['a. True']
238,238,"Question: 
Answer Choices are: 
a. True
b. False
The Yellow block is moved 0 times if image [0] is to be transformed into configuration in image [1].
Specify the correct answer by choosing one of a or b: 
",b,a. True,['a. True']
239,239,"Question: 
Answer Choices are: 
a. True
b. False
The Orange block is moved 2 times if image [0] is to be transformed into configuration in image [1].
Specify the correct answer by choosing one of a or b: 
",b,a. True,['a. True']
240,240,"Question: 
Answer Choices are: 
a. True
b. False
There are 5 moves required if image [0] is to be transformed into configuration in image [1].
Specify the correct answer by choosing one of a or b: 
",a,b. False,['b. False']
241,241,"Question: 
Answer Choices are: 
a. True
b. False
There are 1 moves required if image [0] is to be transformed into configuration in image [1].
Specify the correct answer by choosing one of a or b: 
",b,b,['b']
242,242,"Question: 
Answer Choices are: 
a. True
b. False
There are 5 moves required if image [0] is to be transformed into configuration in image [1].
Specify the correct answer by choosing one of a or b: 
",a,b. False,['b. False']
243,243,"Question: 
Answer Choices are: 
a. True
b. False
There are 4 moves required if image [0] is to be transformed into configuration in image [1].
Specify the correct answer by choosing one of a or b: 
",b,a,['a']
244,244,"Question: 
Answer Choices are: 
a. True
b. False
There are 4 moves required if image [0] is to be transformed into configuration in image [1].
Specify the correct answer by choosing one of a or b: 
",b,b. False,['b. False']
245,245,"Question: 
Answer Choices are: 
a. True
b. False
The Blue block is moved 1 times if image [0] is to be transformed into configuration in image [1].
Specify the correct answer by choosing one of a or b: 
",a,a. True,['a. True']
246,246,"Question: 
Answer Choices are: 
a. True
b. False
The Red block is moved 2 times if image [0] is to be transformed into configuration in image [1].
Specify the correct answer by choosing one of a or b: 
",b,b,['b']
247,247,"Question: 
Answer Choices are: 
a. True
b. False
The Yellow block is moved 2 times if image [0] is to be transformed into configuration in image [1].
Specify the correct answer by choosing one of a or b: 
",b,The correct answer is b.,['The correct answer is b.']
248,248,"Question: 
Answer Choices are: 
a. True
b. False
The Red block is moved 0 times if image [0] is to be transformed into configuration in image [1].
Specify the correct answer by choosing one of a or b: 
",b,a,['a']
249,249,"Question: 
Answer Choices are: 
a. True
b. False
The Blue block is moved 2 times if image [0] is to be transformed into configuration in image [1].
Specify the correct answer by choosing one of a or b: 
",b,b. False,['b. False']
