qid,gt_ans,pred_ans_blip,correctness_blip
0,1,5,0
1,1,4,0
2,1,7,0
3,1,7,0
4,1,7,0
5,1,7,0
6,1,7,0
7,1,4,0
8,1,4,0
9,1,6,0
10,2,4,0
11,2,4,0
12,2,6,0
13,2,6,0
14,2,4,0
15,2,6,0
16,2,4,0
17,2,4,0
18,2,4,0
19,2,6,0
20,3,7,0
21,3,7,0
22,3,3,1
23,3,5,0
24,3,6,0
25,3,4,0
26,3,4,0
27,3,6,0
28,3,6,0
29,3,4,0
30,4,4,1
31,4,4,1
32,4,4,1
33,4,4,1
34,4,4,1
35,4,4,1
36,4,4,1
37,4,4,1
38,4,4,1
39,4,4,1
40,1,3,0
41,1,3,0
42,1,3,0
43,1,3,0
44,1,3,0
45,1,3,0
46,1,3,0
47,1,3,0
48,1,3,0
49,1,3,0
50,1,3,0
51,1,3,0
52,1,3,0
53,1,3,0
54,1,3,0
55,1,3,0
56,1,3,0
57,1,3,0
58,1,3,0
59,1,3,0
60,1,3,0
61,1,3,0
62,1,3,0
63,1,3,0
64,1,3,0
65,2,3,0
66,1,3,0
67,1,3,0
68,1,3,0
69,1,3,0
70,1,3,0
71,2,3,0
72,1,3,0
73,1,3,0
74,1,3,0
75,1,3,0
76,1,3,0
77,1,3,0
78,1,3,0
79,1,3,0
80,5,4,0
81,5,5,1
82,5,4,0
83,5,3,0
84,5,3,0
85,1,3,0
86,1,3,0
87,1,3,0
88,2,3,0
89,1,3,0
90,5,6,0
91,5,6,0
92,5,6,0
93,5,3,0
94,5,6,0
95,1,3,0
96,1,3,0
97,1,3,0
98,1,3,0
99,1,3,0
100,II-III-I-IV,II-III-I-IV,1
101,II-I-IV-III,II-III-I-IV,0
102,I-II-IV-III,II-III-I-IV,0
103,I-IV-III-II,II-III-I-IV,0
104,I-IV-III-II,II-I-IV-III,0
105,I-II-IV-III,II-III-I-IV,0
106,I-II-IV-III,II-III-I-IV,0
107,I-IV-III-II,II-III-I-IV,0
108,II-III-I-IV,II-III-I-IV,1
109,II-I-IV-III,II-III-I-IV,0
110,I-IV-III-II,II-III-I-IV,0
111,II-III-I-IV,II-III-I-IV,1
112,I-IV-III-II,II-III-I-IV,0
113,I-IV-III-II,II-III-I-IV,0
114,I-II-IV-III,II-I-IV-III,0
115,II-I-IV-III,II-III-I-IV,0
116,II-III-I-IV,II-III-I-IV,1
117,II-I-IV-III,II-III-I-IV,0
118,I-II-IV-III,II-III-I-IV,0
119,I-IV-III-II,II-III-I-IV,0
120,I-II-IV-III,II-III-I-IV,0
121,II-III-I-IV,II-III-I-IV,1
122,I-II-IV-III,II-III-I-IV,0
123,II-I-IV-III,II-III-I-IV,0
124,II-I-IV-III,II-I-IV-III,1
125,II-I-IV-III,II-III-I-IV,0
126,II-I-IV-III,II-I-IV-III,1
127,II-III-I-IV,II-III-I-IV,1
128,I-II-IV-III,II-III-I-IV,0
129,I-II-IV-III,II-III-I-IV,0
130,I-IV-III-II,II-III-I-IV,0
131,II-III-I-IV,II-III-I-IV,1
132,I-II-IV-III,II-III-I-IV,0
133,I-II-IV-III,II-III-I-IV,0
134,I-II-IV-III,II-III-I-IV,0
135,II-III-I-IV,II-III-I-IV,1
136,I-IV-III-II,II-III-I-IV,0
137,I-II-IV-III,II-III-I-IV,0
138,II-I-IV-III,II-III-I-IV,0
139,I-II-IV-III,II-III-I-IV,0
140,II-III-I-IV,II-III-I-IV,1
141,II-I-IV-III,II-III-I-IV,0
142,I-IV-III-II,II-III-I-IV,0
143,I-IV-III-II,II-III-I-IV,0
144,II-III-I-IV,II-III-I-IV,1
145,I-IV-III-II,II-III-I-IV,0
146,II-III-I-IV,II-III-I-IV,1
147,I-II-IV-III,II-III-I-IV,0
148,I-IV-III-II,II-III-I-IV,0
149,II-I-IV-III,II-III-I-IV,0
150,True,Unknown,0
151,True,Unknown,0
152,False,Unknown,0
153,False,Unknown,0
154,False,Unknown,0
155,True,Unknown,0
156,False,Unknown,0
157,True,Unknown,0
158,True,Unknown,0
159,True,Unknown,0
160,True,Unknown,0
161,True,Unknown,0
162,True,Unknown,0
163,True,Unknown,0
164,False,Unknown,0
165,False,Unknown,0
166,False,Unknown,0
167,False,Unknown,0
168,False,Unknown,0
169,False,Unknown,0
170,False,Unknown,0
171,False,Unknown,0
172,True,Unknown,0
173,True,Unknown,0
174,True,Unknown,0
175,True,Unknown,0
176,False,Unknown,0
177,True,Unknown,0
178,False,Unknown,0
179,True,Unknown,0
180,True,Unknown,0
181,True,Unknown,0
182,True,Unknown,0
183,False,Unknown,0
184,True,Unknown,0
185,True,Unknown,0
186,True,Unknown,0
187,True,Unknown,0
188,True,Unknown,0
189,True,Unknown,0
190,False,Unknown,0
191,False,Unknown,0
192,True,Unknown,0
193,True,Unknown,0
194,False,Unknown,0
195,False,Unknown,0
196,False,Unknown,0
197,True,Unknown,0
198,True,Unknown,0
199,True,Unknown,0
200,False,Unknown,0
201,False,Unknown,0
202,True,Unknown,0
203,True,Unknown,0
204,True,Unknown,0
205,True,Unknown,0
206,False,Unknown,0
207,True,Unknown,0
208,False,Unknown,0
209,True,Unknown,0
210,True,Unknown,0
211,False,Unknown,0
212,False,Unknown,0
213,False,Unknown,0
214,True,Unknown,0
215,True,Unknown,0
216,True,Unknown,0
217,False,Unknown,0
218,False,Unknown,0
219,True,Unknown,0
220,True,Unknown,0
221,True,Unknown,0
222,True,Unknown,0
223,True,Unknown,0
224,False,Unknown,0
225,True,Unknown,0
226,False,Unknown,0
227,False,Unknown,0
228,False,Unknown,0
229,True,Unknown,0
230,True,Unknown,0
231,True,Unknown,0
232,False,Unknown,0
233,False,Unknown,0
234,True,Unknown,0
235,True,Unknown,0
236,True,Unknown,0
237,False,Unknown,0
238,False,Unknown,0
239,False,Unknown,0
240,True,Unknown,0
241,False,Unknown,0
242,True,Unknown,0
243,False,Unknown,0
244,False,Unknown,0
245,True,Unknown,0
246,False,Unknown,0
247,False,Unknown,0
248,False,Unknown,0
249,False,Unknown,0
