0,Specify the correct matching by choosing one of the 0 or 1?,1,1,Image0 matches Caption1 and the image1 matches Caption0,1
1,Specify the correct matching by choosing one of the 0 or 1?,1,0,Image0 matches Caption0 and the image1 matches Caption1,0
2,Specify the correct matching by choosing one of the 0 or 1?,0,0,Image0 matches Caption0 and the image1 matches Caption1,1
3,Specify the correct matching by choosing one of the 0 or 1?,1,1,Image0 matches Caption1 and the image1 matches Caption0,1
4,Specify the correct matching by choosing one of the 0 or 1?,0,1,Image0 matches Caption1 and the image1 matches Caption0,0
5,Specify the correct matching by choosing one of the 0 or 1?,0,1,Image0 matches Caption1 and the image1 matches Caption0,0
6,Specify the correct matching by choosing one of the 0 or 1?,1,1,Image0 matches Caption1 and the image1 matches Caption0,1
7,Specify the correct matching by choosing one of the 0 or 1?,0,1,Image0 matches Caption1 and the image1 matches Caption0,0
8,Specify the correct matching by choosing one of the 0 or 1?,0,0,Image0 matches Caption0 and the image1 matches Caption1,1
9,Specify the correct matching by choosing one of the 0 or 1?,0,1,Image0 matches Caption1 and the image1 matches Caption0,0
10,Specify the correct matching by choosing one of the 0 or 1?,0,0,Image0 matches Caption0 and the image1 matches Caption1,1
11,Specify the correct matching by choosing one of the 0 or 1?,1,1,Image0 matches Caption1 and the image1 matches Caption0,1
12,Specify the correct matching by choosing one of the 0 or 1?,1,0,Image0 matches Caption0 and the image1 matches Caption1,0
13,Specify the correct matching by choosing one of the 0 or 1?,0,1,Image0 matches Caption1 and the image1 matches Caption0,0
14,Specify the correct matching by choosing one of the 0 or 1?,1,1,Image0 matches Caption1 and the image1 matches Caption0,1
15,Specify the correct matching by choosing one of the 0 or 1?,1,0,Image0 matches Caption0 and the image1 matches Caption1,0
16,Specify the correct matching by choosing one of the 0 or 1?,0,0,Image0 matches Caption0 and the image1 matches Caption1,1
17,Specify the correct matching by choosing one of the 0 or 1?,1,1,Image0 matches Caption1 and the image1 matches Caption0,1
18,Specify the correct matching by choosing one of the 0 or 1?,0,0,Image0 matches Caption0 and the image1 matches Caption1,1
19,Specify the correct matching by choosing one of the 0 or 1?,0,1,Image0 matches Caption1 and the image1 matches Caption0,0
20,Specify the correct matching by choosing one of the 0 or 1?,1,1,Image0 matches Caption1 and the image1 matches Caption0,1
21,Specify the correct matching by choosing one of the 0 or 1?,0,0,Image0 matches Caption0 and the image1 matches Caption1,1
22,Specify the correct matching by choosing one of the 0 or 1?,1,0,Image0 matches Caption0 and the image1 matches Caption1,0
23,Specify the correct matching by choosing one of the 0 or 1?,1,0,Image0 matches Caption0 and the image1 matches Caption1,0
24,Specify the correct matching by choosing one of the 0 or 1?,0,0,Image0 matches Caption0 and the image1 matches Caption1,1
25,Specify the correct matching by choosing one of the 0 or 1?,0,1,Image0 matches Caption1 and the image1 matches Caption0,0
26,Specify the correct matching by choosing one of the 0 or 1?,1,0,Image0 matches Caption0 and the image1 matches Caption1,0
27,Specify the correct matching by choosing one of the 0 or 1?,1,1,Image0 matches Caption1 and the image1 matches Caption0,1
28,Specify the correct matching by choosing one of the 0 or 1?,0,0,Image0 matches Caption0 and the image1 matches Caption1,1
29,Specify the correct matching by choosing one of the 0 or 1?,1,0,Image0 matches Caption0 and the image1 matches Caption1,0
30,Specify the correct matching by choosing one of the 0 or 1?,1,0,Image0 matches Caption0 and the image1 matches Caption1,0
31,Specify the correct matching by choosing one of the 0 or 1?,0,1,Image0 matches Caption1 and the image1 matches Caption0,0
32,Specify the correct matching by choosing one of the 0 or 1?,0,1,Image0 matches Caption1 and the image1 matches Caption0,0
33,Specify the correct matching by choosing one of the 0 or 1?,1,1,Image0 matches Caption1 and the image1 matches Caption0,1
34,Specify the correct matching by choosing one of the 0 or 1?,1,0,Image0 matches Caption0 and the image1 matches Caption1,0
35,Specify the correct matching by choosing one of the 0 or 1?,1,0,Image0 matches Caption0 and the image1 matches Caption1,0
36,Specify the correct matching by choosing one of the 0 or 1?,0,1,Image0 matches Caption1 and the image1 matches Caption0,0
37,Specify the correct matching by choosing one of the 0 or 1?,1,0,Image0 matches Caption0 and the image1 matches Caption1,0
38,Specify the correct matching by choosing one of the 0 or 1?,1,1,Image0 matches Caption1 and the image1 matches Caption0,1
39,Specify the correct matching by choosing one of the 0 or 1?,1,1,Image0 matches Caption1 and the image1 matches Caption0,1
40,Specify the correct matching by choosing one of the 0 or 1?,0,0,Image0 matches Caption0 and the image1 matches Caption1,1
41,Specify the correct matching by choosing one of the 0 or 1?,1,1,Image0 matches Caption1 and the image1 matches Caption0,1
42,Specify the correct matching by choosing one of the 0 or 1?,1,1,Image0 matches Caption1 and the image1 matches Caption0,1
43,Specify the correct matching by choosing one of the 0 or 1?,1,0,Image0 matches Caption0 and the image1 matches Caption1,0
44,Specify the correct matching by choosing one of the 0 or 1?,0,0,Image0 matches Caption0 and the image1 matches Caption1,1
45,Specify the correct matching by choosing one of the 0 or 1?,1,0,Image0 matches Caption0 and the image1 matches Caption1,0
46,Specify the correct matching by choosing one of the 0 or 1?,1,0,Image0 matches Caption0 and the image1 matches Caption1,0
47,Specify the correct matching by choosing one of the 0 or 1?,0,0,Image0 matches Caption0 and the image1 matches Caption1,1
48,Specify the correct matching by choosing one of the 0 or 1?,1,0,Image0 matches Caption0 and the image1 matches Caption1,0
49,Specify the correct matching by choosing one of the 0 or 1?,1,0,Image0 matches Caption0 and the image1 matches Caption1,0
50,Specify the correct matching by choosing one of the 0 or 1?,1,1,Image0 matches Caption1 and the image1 matches Caption0,1
51,Specify the correct matching by choosing one of the 0 or 1?,0,0,Image0 matches Caption0 and the image1 matches Caption1,1
52,Specify the correct matching by choosing one of the 0 or 1?,0,1,Image0 matches Caption1 and the image1 matches Caption0,0
53,Specify the correct matching by choosing one of the 0 or 1?,1,0,Image0 matches Caption0 and the image1 matches Caption1,0
54,Specify the correct matching by choosing one of the 0 or 1?,0,0,Image0 matches Caption0 and the image1 matches Caption1,1
55,Specify the correct matching by choosing one of the 0 or 1?,0,1,Image0 matches Caption1 and the image1 matches Caption0,0
56,Specify the correct matching by choosing one of the 0 or 1?,0,0,Image0 matches Caption0 and the image1 matches Caption1,1
57,Specify the correct matching by choosing one of the 0 or 1?,0,0,Image0 matches Caption0 and the image1 matches Caption1,1
58,Specify the correct matching by choosing one of the 0 or 1?,1,0,Image0 matches Caption0 and the image1 matches Caption1,0
59,Specify the correct matching by choosing one of the 0 or 1?,0,0,Image0 matches Caption0 and the image1 matches Caption1,1
60,Specify the correct matching by choosing one of the 0 or 1?,0,0,Image0 matches Caption0 and the image1 matches Caption1,1
61,Specify the correct matching by choosing one of the 0 or 1?,0,1,Image0 matches Caption1 and the image1 matches Caption0,0
62,Specify the correct matching by choosing one of the 0 or 1?,0,0,Image0 matches Caption0 and the image1 matches Caption1,1
63,Specify the correct matching by choosing one of the 0 or 1?,1,1,Image0 matches Caption1 and the image1 matches Caption0,1
64,Specify the correct matching by choosing one of the 0 or 1?,1,0,Image0 matches Caption0 and the image1 matches Caption1,0
65,Specify the correct matching by choosing one of the 0 or 1?,1,0,Image0 matches Caption0 and the image1 matches Caption1,0
66,Specify the correct matching by choosing one of the 0 or 1?,0,1,Image0 matches Caption1 and the image1 matches Caption0,0
67,Specify the correct matching by choosing one of the 0 or 1?,0,0,Image0 matches Caption0 and the image1 matches Caption1,1
68,Specify the correct matching by choosing one of the 0 or 1?,0,0,Image0 matches Caption0 and the image1 matches Caption1,1
69,Specify the correct matching by choosing one of the 0 or 1?,0,1,Image0 matches Caption1 and the image1 matches Caption0,0
70,Specify the correct matching by choosing one of the 0 or 1?,0,1,Image0 matches Caption1 and the image1 matches Caption0,0
71,Specify the correct matching by choosing one of the 0 or 1?,1,1,Image0 matches Caption1 and the image1 matches Caption0,1
72,Specify the correct matching by choosing one of the 0 or 1?,0,0,Image0 matches Caption0 and the image1 matches Caption1,1
73,Specify the correct matching by choosing one of the 0 or 1?,0,1,Image0 matches Caption1 and the image1 matches Caption0,0
74,Specify the correct matching by choosing one of the 0 or 1?,0,1,Image0 matches Caption1 and the image1 matches Caption0,0
75,Specify the correct matching by choosing one of the 0 or 1?,0,1,Image0 matches Caption1 and the image1 matches Caption0,0
76,Specify the correct matching by choosing one of the 0 or 1?,0,1,Image0 matches Caption1 and the image1 matches Caption0,0
77,Specify the correct matching by choosing one of the 0 or 1?,0,0,Image0 matches Caption0 and the image1 matches Caption1,1
78,Specify the correct matching by choosing one of the 0 or 1?,1,1,Image0 matches Caption1 and the image1 matches Caption0,1
79,Specify the correct matching by choosing one of the 0 or 1?,1,0,Image0 matches Caption0 and the image1 matches Caption1,0
80,Specify the correct matching by choosing one of the 0 or 1?,0,1,Image0 matches Caption1 and the image1 matches Caption0,0
81,Specify the correct matching by choosing one of the 0 or 1?,0,0,Image0 matches Caption0 and the image1 matches Caption1,1
82,Specify the correct matching by choosing one of the 0 or 1?,1,1,Image0 matches Caption1 and the image1 matches Caption0,1
83,Specify the correct matching by choosing one of the 0 or 1?,0,1,Image0 matches Caption1 and the image1 matches Caption0,0
84,Specify the correct matching by choosing one of the 0 or 1?,0,0,Image0 matches Caption0 and the image1 matches Caption1,1
85,Specify the correct matching by choosing one of the 0 or 1?,1,1,Image0 matches Caption1 and the image1 matches Caption0,1
86,Specify the correct matching by choosing one of the 0 or 1?,0,0,Image0 matches Caption0 and the image1 matches Caption1,1
87,Specify the correct matching by choosing one of the 0 or 1?,0,0,Image0 matches Caption0 and the image1 matches Caption1,1
88,Specify the correct matching by choosing one of the 0 or 1?,0,0,Image0 matches Caption0 and the image1 matches Caption1,1
89,Specify the correct matching by choosing one of the 0 or 1?,1,1,Image0 matches Caption1 and the image1 matches Caption0,1
90,Specify the correct matching by choosing one of the 0 or 1?,0,0,Image0 matches Caption0 and the image1 matches Caption1,1
91,Specify the correct matching by choosing one of the 0 or 1?,1,1,Image0 matches Caption1 and the image1 matches Caption0,1
92,Specify the correct matching by choosing one of the 0 or 1?,0,0,Image0 matches Caption0 and the image1 matches Caption1,1
93,Specify the correct matching by choosing one of the 0 or 1?,0,1,Image0 matches Caption1 and the image1 matches Caption0,0
94,Specify the correct matching by choosing one of the 0 or 1?,0,0,Image0 matches Caption0 and the image1 matches Caption1,1
95,Specify the correct matching by choosing one of the 0 or 1?,0,1,Image0 matches Caption1 and the image1 matches Caption0,0
96,Specify the correct matching by choosing one of the 0 or 1?,0,1,Image0 matches Caption1 and the image1 matches Caption0,0
97,Specify the correct matching by choosing one of the 0 or 1?,1,1,Image0 matches Caption1 and the image1 matches Caption0,1
98,Specify the correct matching by choosing one of the 0 or 1?,0,0,Image0 matches Caption0 and the image1 matches Caption1,1
99,Specify the correct matching by choosing one of the 0 or 1?,0,0,Image0 matches Caption0 and the image1 matches Caption1,1
100,Specify the correct matching by choosing one of the 0 or 1?,0,1,Image0 matches Caption1 and the image1 matches Caption0,0
101,Specify the correct matching by choosing one of the 0 or 1?,1,1,Image0 matches Caption1 and the image1 matches Caption0,1
102,Specify the correct matching by choosing one of the 0 or 1?,0,1,Image0 matches Caption1 and the image1 matches Caption0,0
103,Specify the correct matching by choosing one of the 0 or 1?,0,0,Image0 matches Caption0 and the image1 matches Caption1,1
104,Specify the correct matching by choosing one of the 0 or 1?,1,0,Image0 matches Caption0 and the image1 matches Caption1,0
105,Specify the correct matching by choosing one of the 0 or 1?,0,0,Image0 matches Caption0 and the image1 matches Caption1,1
106,Specify the correct matching by choosing one of the 0 or 1?,0,0,Image0 matches Caption0 and the image1 matches Caption1,1
107,Specify the correct matching by choosing one of the 0 or 1?,0,0,Image0 matches Caption0 and the image1 matches Caption1,1
108,Specify the correct matching by choosing one of the 0 or 1?,0,1,Image0 matches Caption1 and the image1 matches Caption0,0
109,Specify the correct matching by choosing one of the 0 or 1?,0,1,Image0 matches Caption1 and the image1 matches Caption0,0
110,Specify the correct matching by choosing one of the 0 or 1?,1,1,Image0 matches Caption1 and the image1 matches Caption0,1
111,Specify the correct matching by choosing one of the 0 or 1?,1,0,Image0 matches Caption0 and the image1 matches Caption1,0
112,Specify the correct matching by choosing one of the 0 or 1?,1,1,Image0 matches Caption1 and the image1 matches Caption0,1
113,Specify the correct matching by choosing one of the 0 or 1?,1,0,Image0 matches Caption0 and the image1 matches Caption1,0
114,Specify the correct matching by choosing one of the 0 or 1?,1,1,Image0 matches Caption1 and the image1 matches Caption0,1
115,Specify the correct matching by choosing one of the 0 or 1?,1,1,Image0 matches Caption1 and the image1 matches Caption0,1
116,Specify the correct matching by choosing one of the 0 or 1?,0,0,Image0 matches Caption0 and the image1 matches Caption1,1
117,Specify the correct matching by choosing one of the 0 or 1?,0,0,Image0 matches Caption0 and the image1 matches Caption1,1
118,Specify the correct matching by choosing one of the 0 or 1?,0,0,Image0 matches Caption0 and the image1 matches Caption1,1
119,Specify the correct matching by choosing one of the 0 or 1?,0,0,Image0 matches Caption0 and the image1 matches Caption1,1
120,Specify the correct matching by choosing one of the 0 or 1?,1,1,Image0 matches Caption1 and the image1 matches Caption0,1
121,Specify the correct matching by choosing one of the 0 or 1?,0,0,Image0 matches Caption0 and the image1 matches Caption1,1
122,Specify the correct matching by choosing one of the 0 or 1?,1,1,Image0 matches Caption1 and the image1 matches Caption0,1
123,Specify the correct matching by choosing one of the 0 or 1?,1,0,Image0 matches Caption0 and the image1 matches Caption1,0
124,Specify the correct matching by choosing one of the 0 or 1?,1,1,Image0 matches Caption1 and the image1 matches Caption0,1
125,Specify the correct matching by choosing one of the 0 or 1?,1,0,Image0 matches Caption0 and the image1 matches Caption1,0
126,Specify the correct matching by choosing one of the 0 or 1?,0,1,Image0 matches Caption1 and the image1 matches Caption0,0
127,Specify the correct matching by choosing one of the 0 or 1?,1,1,Image0 matches Caption1 and the image1 matches Caption0,1
128,Specify the correct matching by choosing one of the 0 or 1?,0,0,Image0 matches Caption0 and the image1 matches Caption1,1
129,Specify the correct matching by choosing one of the 0 or 1?,0,0,Image0 matches Caption0 and the image1 matches Caption1,1
130,Specify the correct matching by choosing one of the 0 or 1?,1,1,Image0 matches Caption1 and the image1 matches Caption0,1
131,Specify the correct matching by choosing one of the 0 or 1?,0,1,Image0 matches Caption1 and the image1 matches Caption0,0
132,Specify the correct matching by choosing one of the 0 or 1?,1,1,Image0 matches Caption1 and the image1 matches Caption0,1
133,Specify the correct matching by choosing one of the 0 or 1?,1,1,Image0 matches Caption1 and the image1 matches Caption0,1
134,Specify the correct matching by choosing one of the 0 or 1?,1,1,Image0 matches Caption1 and the image1 matches Caption0,1
135,Specify the correct matching by choosing one of the 0 or 1?,1,1,Image0 matches Caption1 and the image1 matches Caption0,1
136,Specify the correct matching by choosing one of the 0 or 1?,0,1,Image0 matches Caption1 and the image1 matches Caption0,0
137,Specify the correct matching by choosing one of the 0 or 1?,1,0,Image0 matches Caption0 and the image1 matches Caption1,0
138,Specify the correct matching by choosing one of the 0 or 1?,1,0,Image0 matches Caption0 and the image1 matches Caption1,0
139,Specify the correct matching by choosing one of the 0 or 1?,1,0,Image0 matches Caption0 and the image1 matches Caption1,0
140,Specify the correct matching by choosing one of the 0 or 1?,0,0,Image0 matches Caption0 and the image1 matches Caption1,1
141,Specify the correct matching by choosing one of the 0 or 1?,1,0,Image0 matches Caption0 and the image1 matches Caption1,0
142,Specify the correct matching by choosing one of the 0 or 1?,1,1,Image0 matches Caption1 and the image1 matches Caption0,1
143,Specify the correct matching by choosing one of the 0 or 1?,1,0,Image0 matches Caption0 and the image1 matches Caption1,0
144,Specify the correct matching by choosing one of the 0 or 1?,0,0,Image0 matches Caption0 and the image1 matches Caption1,1
145,Specify the correct matching by choosing one of the 0 or 1?,0,0,Image0 matches Caption0 and the image1 matches Caption1,1
146,Specify the correct matching by choosing one of the 0 or 1?,0,0,Image0 matches Caption0 and the image1 matches Caption1,1
147,Specify the correct matching by choosing one of the 0 or 1?,1,1,Image0 matches Caption1 and the image1 matches Caption0,1
148,Specify the correct matching by choosing one of the 0 or 1?,0,1,Image0 matches Caption1 and the image1 matches Caption0,0
149,Specify the correct matching by choosing one of the 0 or 1?,1,0,Image0 matches Caption0 and the image1 matches Caption1,0
150,Specify the correct matching by choosing one of the 0 or 1?,0,1,Image0 matches Caption1 and the image1 matches Caption0,0
151,Specify the correct matching by choosing one of the 0 or 1?,1,1,Image0 matches Caption1 and the image1 matches Caption0,1
152,Specify the correct matching by choosing one of the 0 or 1?,1,1,Image0 matches Caption1 and the image1 matches Caption0,1
153,Specify the correct matching by choosing one of the 0 or 1?,1,1,Image0 matches Caption1 and the image1 matches Caption0,1
154,Specify the correct matching by choosing one of the 0 or 1?,0,0,Image0 matches Caption0 and the image1 matches Caption1,1
155,Specify the correct matching by choosing one of the 0 or 1?,1,1,Image0 matches Caption1 and the image1 matches Caption0,1
156,Specify the correct matching by choosing one of the 0 or 1?,0,0,Image0 matches Caption0 and the image1 matches Caption1,1
157,Specify the correct matching by choosing one of the 0 or 1?,1,1,Image0 matches Caption1 and the image1 matches Caption0,1
158,Specify the correct matching by choosing one of the 0 or 1?,0,0,Image0 matches Caption0 and the image1 matches Caption1,1
159,Specify the correct matching by choosing one of the 0 or 1?,0,0,Image0 matches Caption0 and the image1 matches Caption1,1
160,Specify the correct matching by choosing one of the 0 or 1?,1,0,Image0 matches Caption0 and the image1 matches Caption1,0
161,Specify the correct matching by choosing one of the 0 or 1?,0,0,Image0 matches Caption0 and the image1 matches Caption1,1
162,Specify the correct matching by choosing one of the 0 or 1?,1,0,Image0 matches Caption0 and the image1 matches Caption1,0
163,Specify the correct matching by choosing one of the 0 or 1?,0,0,Image0 matches Caption0 and the image1 matches Caption1,1
164,Specify the correct matching by choosing one of the 0 or 1?,1,1,Image0 matches Caption1 and the image1 matches Caption0,1
165,Specify the correct matching by choosing one of the 0 or 1?,0,1,Image0 matches Caption1 and the image1 matches Caption0,0
166,Specify the correct matching by choosing one of the 0 or 1?,0,0,Image0 matches Caption0 and the image1 matches Caption1,1
167,Specify the correct matching by choosing one of the 0 or 1?,1,1,Image0 matches Caption1 and the image1 matches Caption0,1
168,Specify the correct matching by choosing one of the 0 or 1?,1,0,Image0 matches Caption0 and the image1 matches Caption1,0
169,Specify the correct matching by choosing one of the 0 or 1?,1,0,Image0 matches Caption0 and the image1 matches Caption1,0
170,Specify the correct matching by choosing one of the 0 or 1?,0,1,Image0 matches Caption1 and the image1 matches Caption0,0
171,Specify the correct matching by choosing one of the 0 or 1?,1,0,Image0 matches Caption0 and the image1 matches Caption1,0
172,Specify the correct matching by choosing one of the 0 or 1?,1,1,Image0 matches Caption1 and the image1 matches Caption0,1
173,Specify the correct matching by choosing one of the 0 or 1?,0,1,Image0 matches Caption1 and the image1 matches Caption0,0
174,Specify the correct matching by choosing one of the 0 or 1?,1,1,Image0 matches Caption1 and the image1 matches Caption0,1
175,Specify the correct matching by choosing one of the 0 or 1?,0,1,Image0 matches Caption1 and the image1 matches Caption0,0
176,Specify the correct matching by choosing one of the 0 or 1?,1,0,Image0 matches Caption0 and the image1 matches Caption1,0
177,Specify the correct matching by choosing one of the 0 or 1?,0,0,Image0 matches Caption0 and the image1 matches Caption1,1
178,Specify the correct matching by choosing one of the 0 or 1?,0,0,Image0 matches Caption0 and the image1 matches Caption1,1
179,Specify the correct matching by choosing one of the 0 or 1?,1,0,Image0 matches Caption0 and the image1 matches Caption1,0
180,Specify the correct matching by choosing one of the 0 or 1?,1,1,Image0 matches Caption1 and the image1 matches Caption0,1
181,Specify the correct matching by choosing one of the 0 or 1?,0,0,Image0 matches Caption0 and the image1 matches Caption1,1
182,Specify the correct matching by choosing one of the 0 or 1?,1,0,Image0 matches Caption0 and the image1 matches Caption1,0
183,Specify the correct matching by choosing one of the 0 or 1?,0,0,Image0 matches Caption0 and the image1 matches Caption1,1
184,Specify the correct matching by choosing one of the 0 or 1?,0,1,Image0 matches Caption1 and the image1 matches Caption0,0
185,Specify the correct matching by choosing one of the 0 or 1?,1,1,Image0 matches Caption1 and the image1 matches Caption0,1
186,Specify the correct matching by choosing one of the 0 or 1?,1,1,Image0 matches Caption1 and the image1 matches Caption0,1
187,Specify the correct matching by choosing one of the 0 or 1?,0,0,Image0 matches Caption0 and the image1 matches Caption1,1
188,Specify the correct matching by choosing one of the 0 or 1?,0,0,Image0 matches Caption0 and the image1 matches Caption1,1
189,Specify the correct matching by choosing one of the 0 or 1?,1,1,Image0 matches Caption1 and the image1 matches Caption0,1
190,Specify the correct matching by choosing one of the 0 or 1?,1,0,Image0 matches Caption0 and the image1 matches Caption1,0
191,Specify the correct matching by choosing one of the 0 or 1?,0,1,Image0 matches Caption1 and the image1 matches Caption0,0
192,Specify the correct matching by choosing one of the 0 or 1?,0,1,Image0 matches Caption1 and the image1 matches Caption0,0
193,Specify the correct matching by choosing one of the 0 or 1?,0,1,Image0 matches Caption1 and the image1 matches Caption0,0
194,Specify the correct matching by choosing one of the 0 or 1?,0,0,Image0 matches Caption0 and the image1 matches Caption1,1
195,Specify the correct matching by choosing one of the 0 or 1?,0,1,Image0 matches Caption1 and the image1 matches Caption0,0
196,Specify the correct matching by choosing one of the 0 or 1?,0,0,Image0 matches Caption0 and the image1 matches Caption1,1
197,Specify the correct matching by choosing one of the 0 or 1?,1,0,Image0 matches Caption0 and the image1 matches Caption1,0
198,Specify the correct matching by choosing one of the 0 or 1?,1,0,Image0 matches Caption0 and the image1 matches Caption1,0
199,Specify the correct matching by choosing one of the 0 or 1?,0,1,Image0 matches Caption1 and the image1 matches Caption0,0
200,Specify the correct matching by choosing one of the 0 or 1?,0,0,Image0 matches Caption0 and the image1 matches Caption1,1
201,Specify the correct matching by choosing one of the 0 or 1?,0,1,Image0 matches Caption1 and the image1 matches Caption0,0
202,Specify the correct matching by choosing one of the 0 or 1?,1,0,Image0 matches Caption0 and the image1 matches Caption1,0
203,Specify the correct matching by choosing one of the 0 or 1?,1,1,Image0 matches Caption1 and the image1 matches Caption0,1
204,Specify the correct matching by choosing one of the 0 or 1?,1,1,Image0 matches Caption1 and the image1 matches Caption0,1
205,Specify the correct matching by choosing one of the 0 or 1?,1,1,Image0 matches Caption1 and the image1 matches Caption0,1
206,Specify the correct matching by choosing one of the 0 or 1?,0,1,Image0 matches Caption1 and the image1 matches Caption0,0
207,Specify the correct matching by choosing one of the 0 or 1?,1,0,Image0 matches Caption0 and the image1 matches Caption1,0
208,Specify the correct matching by choosing one of the 0 or 1?,1,1,Image0 matches Caption1 and the image1 matches Caption0,1
209,Specify the correct matching by choosing one of the 0 or 1?,0,1,Image0 matches Caption1 and the image1 matches Caption0,0
210,Specify the correct matching by choosing one of the 0 or 1?,0,0,Image0 matches Caption0 and the image1 matches Caption1,1
211,Specify the correct matching by choosing one of the 0 or 1?,1,1,Image0 matches Caption1 and the image1 matches Caption0,1
212,Specify the correct matching by choosing one of the 0 or 1?,0,1,Image0 matches Caption1 and the image1 matches Caption0,0
213,Specify the correct matching by choosing one of the 0 or 1?,0,1,Image0 matches Caption1 and the image1 matches Caption0,0
214,Specify the correct matching by choosing one of the 0 or 1?,1,0,Image0 matches Caption0 and the image1 matches Caption1,0
215,Specify the correct matching by choosing one of the 0 or 1?,1,0,Image0 matches Caption0 and the image1 matches Caption1,0
216,Specify the correct matching by choosing one of the 0 or 1?,0,1,Image0 matches Caption1 and the image1 matches Caption0,0
217,Specify the correct matching by choosing one of the 0 or 1?,1,0,Image0 matches Caption0 and the image1 matches Caption1,0
218,Specify the correct matching by choosing one of the 0 or 1?,1,1,Image0 matches Caption1 and the image1 matches Caption0,1
219,Specify the correct matching by choosing one of the 0 or 1?,1,1,Image0 matches Caption1 and the image1 matches Caption0,1
220,Specify the correct matching by choosing one of the 0 or 1?,1,0,Image0 matches Caption0 and the image1 matches Caption1,0
221,Specify the correct matching by choosing one of the 0 or 1?,0,0,Image0 matches Caption0 and the image1 matches Caption1,1
222,Specify the correct matching by choosing one of the 0 or 1?,0,0,Image0 matches Caption0 and the image1 matches Caption1,1
223,Specify the correct matching by choosing one of the 0 or 1?,0,1,Image0 matches Caption1 and the image1 matches Caption0,0
224,Specify the correct matching by choosing one of the 0 or 1?,0,1,Image0 matches Caption1 and the image1 matches Caption0,0
225,Specify the correct matching by choosing one of the 0 or 1?,0,0,Image0 matches Caption0 and the image1 matches Caption1,1
226,Specify the correct matching by choosing one of the 0 or 1?,1,0,Image0 matches Caption0 and the image1 matches Caption1,0
227,Specify the correct matching by choosing one of the 0 or 1?,1,0,Image0 matches Caption0 and the image1 matches Caption1,0
228,Specify the correct matching by choosing one of the 0 or 1?,0,1,Image0 matches Caption1 and the image1 matches Caption0,0
229,Specify the correct matching by choosing one of the 0 or 1?,1,1,Image0 matches Caption1 and the image1 matches Caption0,1
230,Specify the correct matching by choosing one of the 0 or 1?,1,0,Image0 matches Caption0 and the image1 matches Caption1,0
231,Specify the correct matching by choosing one of the 0 or 1?,1,1,Image0 matches Caption1 and the image1 matches Caption0,1
232,Specify the correct matching by choosing one of the 0 or 1?,1,0,Image0 matches Caption0 and the image1 matches Caption1,0
233,Specify the correct matching by choosing one of the 0 or 1?,1,1,Image0 matches Caption1 and the image1 matches Caption0,1
234,Specify the correct matching by choosing one of the 0 or 1?,0,1,Image0 matches Caption1 and the image1 matches Caption0,0
235,Specify the correct matching by choosing one of the 0 or 1?,0,0,Image0 matches Caption0 and the image1 matches Caption1,1
236,Specify the correct matching by choosing one of the 0 or 1?,1,0,Image0 matches Caption0 and the image1 matches Caption1,0
237,Specify the correct matching by choosing one of the 0 or 1?,1,0,Image0 matches Caption0 and the image1 matches Caption1,0
238,Specify the correct matching by choosing one of the 0 or 1?,1,1,Image0 matches Caption1 and the image1 matches Caption0,1
239,Specify the correct matching by choosing one of the 0 or 1?,0,1,Image0 matches Caption1 and the image1 matches Caption0,0
240,Specify the correct matching by choosing one of the 0 or 1?,1,1,Image0 matches Caption1 and the image1 matches Caption0,1
241,Specify the correct matching by choosing one of the 0 or 1?,0,0,Image0 matches Caption0 and the image1 matches Caption1,1
242,Specify the correct matching by choosing one of the 0 or 1?,1,1,Image0 matches Caption1 and the image1 matches Caption0,1
243,Specify the correct matching by choosing one of the 0 or 1?,1,1,Image0 matches Caption1 and the image1 matches Caption0,1
244,Specify the correct matching by choosing one of the 0 or 1?,0,0,Image0 matches Caption0 and the image1 matches Caption1,1
245,Specify the correct matching by choosing one of the 0 or 1?,1,1,Image0 matches Caption1 and the image1 matches Caption0,1
246,Specify the correct matching by choosing one of the 0 or 1?,0,1,Image0 matches Caption1 and the image1 matches Caption0,0
247,Specify the correct matching by choosing one of the 0 or 1?,0,0,Image0 matches Caption0 and the image1 matches Caption1,1
248,Specify the correct matching by choosing one of the 0 or 1?,1,1,Image0 matches Caption1 and the image1 matches Caption0,1
249,Specify the correct matching by choosing one of the 0 or 1?,0,0,Image0 matches Caption0 and the image1 matches Caption1,1
250,Specify the correct matching by choosing one of the 0 or 1?,0,1,Image0 matches Caption1 and the image1 matches Caption0,0
251,Specify the correct matching by choosing one of the 0 or 1?,0,0,Image0 matches Caption0 and the image1 matches Caption1,1
252,Specify the correct matching by choosing one of the 0 or 1?,0,0,Image0 matches Caption0 and the image1 matches Caption1,1
253,Specify the correct matching by choosing one of the 0 or 1?,0,0,Image0 matches Caption0 and the image1 matches Caption1,1
254,Specify the correct matching by choosing one of the 0 or 1?,0,1,Image0 matches Caption1 and the image1 matches Caption0,0
255,Specify the correct matching by choosing one of the 0 or 1?,0,1,Image0 matches Caption1 and the image1 matches Caption0,0
256,Specify the correct matching by choosing one of the 0 or 1?,0,0,Image0 matches Caption0 and the image1 matches Caption1,1
257,Specify the correct matching by choosing one of the 0 or 1?,1,1,Image0 matches Caption1 and the image1 matches Caption0,1
258,Specify the correct matching by choosing one of the 0 or 1?,1,0,Image0 matches Caption0 and the image1 matches Caption1,0
259,Specify the correct matching by choosing one of the 0 or 1?,0,1,Image0 matches Caption1 and the image1 matches Caption0,0
260,Specify the correct matching by choosing one of the 0 or 1?,1,1,Image0 matches Caption1 and the image1 matches Caption0,1
261,Specify the correct matching by choosing one of the 0 or 1?,1,1,Image0 matches Caption1 and the image1 matches Caption0,1
262,Specify the correct matching by choosing one of the 0 or 1?,1,0,Image0 matches Caption0 and the image1 matches Caption1,0
263,Specify the correct matching by choosing one of the 0 or 1?,0,0,Image0 matches Caption0 and the image1 matches Caption1,1
264,Specify the correct matching by choosing one of the 0 or 1?,0,1,Image0 matches Caption1 and the image1 matches Caption0,0
265,Specify the correct matching by choosing one of the 0 or 1?,0,0,Image0 matches Caption0 and the image1 matches Caption1,1
266,Specify the correct matching by choosing one of the 0 or 1?,0,0,Image0 matches Caption0 and the image1 matches Caption1,1
267,Specify the correct matching by choosing one of the 0 or 1?,0,1,Image0 matches Caption1 and the image1 matches Caption0,0
268,Specify the correct matching by choosing one of the 0 or 1?,0,1,Image0 matches Caption1 and the image1 matches Caption0,0
269,Specify the correct matching by choosing one of the 0 or 1?,0,1,Image0 matches Caption1 and the image1 matches Caption0,0
270,Specify the correct matching by choosing one of the 0 or 1?,1,0,Image0 matches Caption0 and the image1 matches Caption1,0
271,Specify the correct matching by choosing one of the 0 or 1?,0,0,Image0 matches Caption0 and the image1 matches Caption1,1
272,Specify the correct matching by choosing one of the 0 or 1?,1,0,Image0 matches Caption0 and the image1 matches Caption1,0
273,Specify the correct matching by choosing one of the 0 or 1?,1,1,Image0 matches Caption1 and the image1 matches Caption0,1
274,Specify the correct matching by choosing one of the 0 or 1?,1,1,Image0 matches Caption1 and the image1 matches Caption0,1
275,Specify the correct matching by choosing one of the 0 or 1?,1,1,Image0 matches Caption1 and the image1 matches Caption0,1
276,Specify the correct matching by choosing one of the 0 or 1?,0,1,Image0 matches Caption1 and the image1 matches Caption0,0
277,Specify the correct matching by choosing one of the 0 or 1?,0,1,Image0 matches Caption1 and the image1 matches Caption0,0
278,Specify the correct matching by choosing one of the 0 or 1?,1,0,Image0 matches Caption0 and the image1 matches Caption1,0
279,Specify the correct matching by choosing one of the 0 or 1?,1,1,Image0 matches Caption1 and the image1 matches Caption0,1
280,Specify the correct matching by choosing one of the 0 or 1?,0,1,Image0 matches Caption1 and the image1 matches Caption0,0
281,Specify the correct matching by choosing one of the 0 or 1?,0,0,Image0 matches Caption0 and the image1 matches Caption1,1
282,Specify the correct matching by choosing one of the 0 or 1?,0,1,Image0 matches Caption1 and the image1 matches Caption0,0
283,Specify the correct matching by choosing one of the 0 or 1?,1,1,Image0 matches Caption1 and the image1 matches Caption0,1
284,Specify the correct matching by choosing one of the 0 or 1?,0,0,Image0 matches Caption0 and the image1 matches Caption1,1
285,Specify the correct matching by choosing one of the 0 or 1?,1,1,Image0 matches Caption1 and the image1 matches Caption0,1
286,Specify the correct matching by choosing one of the 0 or 1?,1,0,Image0 matches Caption0 and the image1 matches Caption1,0
287,Specify the correct matching by choosing one of the 0 or 1?,0,0,Image0 matches Caption0 and the image1 matches Caption1,1
288,Specify the correct matching by choosing one of the 0 or 1?,0,1,Image0 matches Caption1 and the image1 matches Caption0,0
289,Specify the correct matching by choosing one of the 0 or 1?,0,1,Image0 matches Caption1 and the image1 matches Caption0,0
290,Specify the correct matching by choosing one of the 0 or 1?,0,0,Image0 matches Caption0 and the image1 matches Caption1,1
291,Specify the correct matching by choosing one of the 0 or 1?,1,0,Image0 matches Caption0 and the image1 matches Caption1,0
292,Specify the correct matching by choosing one of the 0 or 1?,0,1,Image0 matches Caption1 and the image1 matches Caption0,0
293,Specify the correct matching by choosing one of the 0 or 1?,0,1,Image0 matches Caption1 and the image1 matches Caption0,0
294,Specify the correct matching by choosing one of the 0 or 1?,0,1,Image0 matches Caption1 and the image1 matches Caption0,0
295,Specify the correct matching by choosing one of the 0 or 1?,0,0,Image0 matches Caption0 and the image1 matches Caption1,1
296,Specify the correct matching by choosing one of the 0 or 1?,0,0,Image0 matches Caption0 and the image1 matches Caption1,1
297,Specify the correct matching by choosing one of the 0 or 1?,0,0,Image0 matches Caption0 and the image1 matches Caption1,1
298,Specify the correct matching by choosing one of the 0 or 1?,1,0,Image0 matches Caption0 and the image1 matches Caption1,0
299,Specify the correct matching by choosing one of the 0 or 1?,1,1,Image0 matches Caption1 and the image1 matches Caption0,1
300,Specify the correct matching by choosing one of the 0 or 1?,0,1,Image0 matches Caption1 and the image1 matches Caption0,0
301,Specify the correct matching by choosing one of the 0 or 1?,0,0,Image0 matches Caption0 and the image1 matches Caption1,1
302,Specify the correct matching by choosing one of the 0 or 1?,1,0,Image0 matches Caption0 and the image1 matches Caption1,0
303,Specify the correct matching by choosing one of the 0 or 1?,1,1,Image0 matches Caption1 and the image1 matches Caption0,1
304,Specify the correct matching by choosing one of the 0 or 1?,1,1,Image0 matches Caption1 and the image1 matches Caption0,1
305,Specify the correct matching by choosing one of the 0 or 1?,0,0,Image0 matches Caption0 and the image1 matches Caption1,1
306,Specify the correct matching by choosing one of the 0 or 1?,0,0,Image0 matches Caption0 and the image1 matches Caption1,1
307,Specify the correct matching by choosing one of the 0 or 1?,0,0,Image0 matches Caption0 and the image1 matches Caption1,1
308,Specify the correct matching by choosing one of the 0 or 1?,0,0,Image0 matches Caption0 and the image1 matches Caption1,1
309,Specify the correct matching by choosing one of the 0 or 1?,0,1,Image0 matches Caption1 and the image1 matches Caption0,0
310,Specify the correct matching by choosing one of the 0 or 1?,1,1,Image0 matches Caption1 and the image1 matches Caption0,1
311,Specify the correct matching by choosing one of the 0 or 1?,1,1,Image0 matches Caption1 and the image1 matches Caption0,1
312,Specify the correct matching by choosing one of the 0 or 1?,1,1,Image0 matches Caption1 and the image1 matches Caption0,1
313,Specify the correct matching by choosing one of the 0 or 1?,0,1,Image0 matches Caption1 and the image1 matches Caption0,0
314,Specify the correct matching by choosing one of the 0 or 1?,0,1,Image0 matches Caption1 and the image1 matches Caption0,0
315,Specify the correct matching by choosing one of the 0 or 1?,1,1,Image0 matches Caption1 and the image1 matches Caption0,1
316,Specify the correct matching by choosing one of the 0 or 1?,1,0,Image0 matches Caption0 and the image1 matches Caption1,0
317,Specify the correct matching by choosing one of the 0 or 1?,0,0,Image0 matches Caption0 and the image1 matches Caption1,1
318,Specify the correct matching by choosing one of the 0 or 1?,0,0,Image0 matches Caption0 and the image1 matches Caption1,1
319,Specify the correct matching by choosing one of the 0 or 1?,1,0,Image0 matches Caption0 and the image1 matches Caption1,0
320,Specify the correct matching by choosing one of the 0 or 1?,1,1,Image0 matches Caption1 and the image1 matches Caption0,1
321,Specify the correct matching by choosing one of the 0 or 1?,0,1,Image0 matches Caption1 and the image1 matches Caption0,0
322,Specify the correct matching by choosing one of the 0 or 1?,1,1,Image0 matches Caption1 and the image1 matches Caption0,1
323,Specify the correct matching by choosing one of the 0 or 1?,0,1,Image0 matches Caption1 and the image1 matches Caption0,0
324,Specify the correct matching by choosing one of the 0 or 1?,1,1,Image0 matches Caption1 and the image1 matches Caption0,1
325,Specify the correct matching by choosing one of the 0 or 1?,0,0,Image0 matches Caption0 and the image1 matches Caption1,1
326,Specify the correct matching by choosing one of the 0 or 1?,0,0,Image0 matches Caption0 and the image1 matches Caption1,1
327,Specify the correct matching by choosing one of the 0 or 1?,1,0,Image0 matches Caption0 and the image1 matches Caption1,0
328,Specify the correct matching by choosing one of the 0 or 1?,1,0,Image0 matches Caption0 and the image1 matches Caption1,0
329,Specify the correct matching by choosing one of the 0 or 1?,0,1,Image0 matches Caption1 and the image1 matches Caption0,0
330,Specify the correct matching by choosing one of the 0 or 1?,0,1,Image0 matches Caption1 and the image1 matches Caption0,0
331,Specify the correct matching by choosing one of the 0 or 1?,1,1,Image0 matches Caption1 and the image1 matches Caption0,1
332,Specify the correct matching by choosing one of the 0 or 1?,0,0,Image0 matches Caption0 and the image1 matches Caption1,1
333,Specify the correct matching by choosing one of the 0 or 1?,1,1,Image0 matches Caption1 and the image1 matches Caption0,1
334,Specify the correct matching by choosing one of the 0 or 1?,0,1,Image0 matches Caption1 and the image1 matches Caption0,0
335,Specify the correct matching by choosing one of the 0 or 1?,0,1,Image0 matches Caption1 and the image1 matches Caption0,0
336,Specify the correct matching by choosing one of the 0 or 1?,1,0,Image0 matches Caption0 and the image1 matches Caption1,0
337,Specify the correct matching by choosing one of the 0 or 1?,0,1,Image0 matches Caption1 and the image1 matches Caption0,0
338,Specify the correct matching by choosing one of the 0 or 1?,0,1,Image0 matches Caption1 and the image1 matches Caption0,0
339,Specify the correct matching by choosing one of the 0 or 1?,0,0,Image0 matches Caption0 and the image1 matches Caption1,1
340,Specify the correct matching by choosing one of the 0 or 1?,1,0,Image0 matches Caption0 and the image1 matches Caption1,0
341,Specify the correct matching by choosing one of the 0 or 1?,0,0,Image0 matches Caption0 and the image1 matches Caption1,1
342,Specify the correct matching by choosing one of the 0 or 1?,0,0,Image0 matches Caption0 and the image1 matches Caption1,1
343,Specify the correct matching by choosing one of the 0 or 1?,1,1,Image0 matches Caption1 and the image1 matches Caption0,1
344,Specify the correct matching by choosing one of the 0 or 1?,0,1,Image0 matches Caption1 and the image1 matches Caption0,0
345,Specify the correct matching by choosing one of the 0 or 1?,0,1,Image0 matches Caption1 and the image1 matches Caption0,0
346,Specify the correct matching by choosing one of the 0 or 1?,0,0,Image0 matches Caption0 and the image1 matches Caption1,1
347,Specify the correct matching by choosing one of the 0 or 1?,0,0,Image0 matches Caption0 and the image1 matches Caption1,1
348,Specify the correct matching by choosing one of the 0 or 1?,1,0,Image0 matches Caption0 and the image1 matches Caption1,0
349,Specify the correct matching by choosing one of the 0 or 1?,1,1,Image0 matches Caption1 and the image1 matches Caption0,1
350,Specify the correct matching by choosing one of the 0 or 1?,0,0,Image0 matches Caption0 and the image1 matches Caption1,1
351,Specify the correct matching by choosing one of the 0 or 1?,1,1,Image0 matches Caption1 and the image1 matches Caption0,1
352,Specify the correct matching by choosing one of the 0 or 1?,1,1,Image0 matches Caption1 and the image1 matches Caption0,1
353,Specify the correct matching by choosing one of the 0 or 1?,1,0,Image0 matches Caption0 and the image1 matches Caption1,0
354,Specify the correct matching by choosing one of the 0 or 1?,0,0,Image0 matches Caption0 and the image1 matches Caption1,1
355,Specify the correct matching by choosing one of the 0 or 1?,0,0,Image0 matches Caption0 and the image1 matches Caption1,1
356,Specify the correct matching by choosing one of the 0 or 1?,1,0,Image0 matches Caption0 and the image1 matches Caption1,0
357,Specify the correct matching by choosing one of the 0 or 1?,0,1,Image0 matches Caption1 and the image1 matches Caption0,0
358,Specify the correct matching by choosing one of the 0 or 1?,1,0,Image0 matches Caption0 and the image1 matches Caption1,0
359,Specify the correct matching by choosing one of the 0 or 1?,0,0,Image0 matches Caption0 and the image1 matches Caption1,1
360,Specify the correct matching by choosing one of the 0 or 1?,1,1,Image0 matches Caption1 and the image1 matches Caption0,1
361,Specify the correct matching by choosing one of the 0 or 1?,1,1,Image0 matches Caption1 and the image1 matches Caption0,1
362,Specify the correct matching by choosing one of the 0 or 1?,0,0,Image0 matches Caption0 and the image1 matches Caption1,1
363,Specify the correct matching by choosing one of the 0 or 1?,0,0,Image0 matches Caption0 and the image1 matches Caption1,1
364,Specify the correct matching by choosing one of the 0 or 1?,0,0,Image0 matches Caption0 and the image1 matches Caption1,1
365,Specify the correct matching by choosing one of the 0 or 1?,0,0,Image0 matches Caption0 and the image1 matches Caption1,1
366,Specify the correct matching by choosing one of the 0 or 1?,1,0,Image0 matches Caption0 and the image1 matches Caption1,0
367,Specify the correct matching by choosing one of the 0 or 1?,0,0,Image0 matches Caption0 and the image1 matches Caption1,1
368,Specify the correct matching by choosing one of the 0 or 1?,1,0,Image0 matches Caption0 and the image1 matches Caption1,0
369,Specify the correct matching by choosing one of the 0 or 1?,1,0,Image0 matches Caption0 and the image1 matches Caption1,0
370,Specify the correct matching by choosing one of the 0 or 1?,0,1,Image0 matches Caption1 and the image1 matches Caption0,0
371,Specify the correct matching by choosing one of the 0 or 1?,0,0,Image0 matches Caption0 and the image1 matches Caption1,1
372,Specify the correct matching by choosing one of the 0 or 1?,0,1,Image0 matches Caption1 and the image1 matches Caption0,0
373,Specify the correct matching by choosing one of the 0 or 1?,0,0,Image0 matches Caption0 and the image1 matches Caption1,1
374,Specify the correct matching by choosing one of the 0 or 1?,0,0,Image0 matches Caption0 and the image1 matches Caption1,1
375,Specify the correct matching by choosing one of the 0 or 1?,1,1,Image0 matches Caption1 and the image1 matches Caption0,1
376,Specify the correct matching by choosing one of the 0 or 1?,1,0,Image0 matches Caption0 and the image1 matches Caption1,0
377,Specify the correct matching by choosing one of the 0 or 1?,1,0,Image0 matches Caption0 and the image1 matches Caption1,0
378,Specify the correct matching by choosing one of the 0 or 1?,0,0,Image0 matches Caption0 and the image1 matches Caption1,1
379,Specify the correct matching by choosing one of the 0 or 1?,1,0,Image0 matches Caption0 and the image1 matches Caption1,0
380,Specify the correct matching by choosing one of the 0 or 1?,0,1,Image0 matches Caption1 and the image1 matches Caption0,0
381,Specify the correct matching by choosing one of the 0 or 1?,1,1,Image0 matches Caption1 and the image1 matches Caption0,1
382,Specify the correct matching by choosing one of the 0 or 1?,1,1,Image0 matches Caption1 and the image1 matches Caption0,1
383,Specify the correct matching by choosing one of the 0 or 1?,1,1,Image0 matches Caption1 and the image1 matches Caption0,1
384,Specify the correct matching by choosing one of the 0 or 1?,0,1,Image0 matches Caption1 and the image1 matches Caption0,0
385,Specify the correct matching by choosing one of the 0 or 1?,1,0,Image0 matches Caption0 and the image1 matches Caption1,0
386,Specify the correct matching by choosing one of the 0 or 1?,1,1,Image0 matches Caption1 and the image1 matches Caption0,1
387,Specify the correct matching by choosing one of the 0 or 1?,0,0,Image0 matches Caption0 and the image1 matches Caption1,1
388,Specify the correct matching by choosing one of the 0 or 1?,0,1,Image0 matches Caption1 and the image1 matches Caption0,0
389,Specify the correct matching by choosing one of the 0 or 1?,1,0,Image0 matches Caption0 and the image1 matches Caption1,0
390,Specify the correct matching by choosing one of the 0 or 1?,1,0,Image0 matches Caption0 and the image1 matches Caption1,0
391,Specify the correct matching by choosing one of the 0 or 1?,1,1,Image0 matches Caption1 and the image1 matches Caption0,1
392,Specify the correct matching by choosing one of the 0 or 1?,1,0,Image0 matches Caption0 and the image1 matches Caption1,0
393,Specify the correct matching by choosing one of the 0 or 1?,1,1,Image0 matches Caption1 and the image1 matches Caption0,1
394,Specify the correct matching by choosing one of the 0 or 1?,1,1,Image0 matches Caption1 and the image1 matches Caption0,1
395,Specify the correct matching by choosing one of the 0 or 1?,1,1,Image0 matches Caption1 and the image1 matches Caption0,1
396,Specify the correct matching by choosing one of the 0 or 1?,0,0,Image0 matches Caption0 and the image1 matches Caption1,1
397,Specify the correct matching by choosing one of the 0 or 1?,0,1,Image0 matches Caption1 and the image1 matches Caption0,0
398,Specify the correct matching by choosing one of the 0 or 1?,0,1,Image0 matches Caption1 and the image1 matches Caption0,0
399,Specify the correct matching by choosing one of the 0 or 1?,0,1,Image0 matches Caption1 and the image1 matches Caption0,0
